,period,stateId,producertypeid,energysourceid,capability,capability-units
0,2012,TX,TOT,ALL,109568.4,megawatts
1,2012,TX,TOT,WOO,320.3,megawatts
2,2012,TX,TOT,WND,12178.9,megawatts
3,2012,TX,TOT,SOLPV,75.2,megawatts
4,2012,TX,TOT,SOL,75.2,megawatts
5,2012,TX,TOT,PETST,434.8,megawatts
6,2012,TX,TOT,PETIC,62.5,megawatts
7,2012,TX,TOT,PET,497.3,megawatts
8,2012,TX,TOT,OOG,345.6,megawatts
9,2012,TX,TOT,OBM,120.8,megawatts
10,2012,TX,TOT,OT,228.3,megawatts
11,2012,TX,TOT,NUC,4960,megawatts
12,2012,TX,TOT,NGST,22249.1,megawatts
13,2012,TX,TOT,NGIC,426.2,megawatts
14,2012,TX,TOT,NGGT,7374.3,megawatts
15,2012,TX,TOT,NGCC,36933.7,megawatts
16,2012,TX,TOT,NG,66983.3,megawatts
17,2012,TX,TOT,HYC,689.3,megawatts
18,2012,TX,TOT,COL,23132.4,megawatts
19,2012,TX,TOT,BAT,37,megawatts
20,2012,TX,IPP,ALL,81105.7,megawatts
21,2012,TX,IPP,WOO,320.3,megawatts
22,2012,TX,IPP,WND,12099.4,megawatts
23,2012,TX,IPP,SOLPV,75.2,megawatts
24,2012,TX,IPP,SOL,75.2,megawatts
25,2012,TX,IPP,PETST,434.8,megawatts
26,2012,TX,IPP,PETIC,47.2,megawatts
27,2012,TX,IPP,PET,482,megawatts
28,2012,TX,IPP,OOG,345.6,megawatts
29,2012,TX,IPP,OBM,120.8,megawatts
30,2012,TX,IPP,OT,228.3,megawatts
31,2012,TX,IPP,NUC,4960,megawatts
32,2012,TX,IPP,NGST,12013.1,megawatts
33,2012,TX,IPP,NGIC,38.2,megawatts
34,2012,TX,IPP,NGGT,4850.4,megawatts
35,2012,TX,IPP,NGCC,32137.8,megawatts
36,2012,TX,IPP,NG,49039.5,megawatts
37,2012,TX,IPP,HYC,7.2,megawatts
38,2012,TX,IPP,COL,13390.4,megawatts
39,2012,TX,IPP,BAT,37,megawatts
40,2012,TX,EU,ALL,28462.7,megawatts
41,2012,TX,EU,WND,79.5,megawatts
42,2012,TX,EU,PETIC,15.3,megawatts
43,2012,TX,EU,PET,15.3,megawatts
44,2012,TX,EU,NGST,10236,megawatts
45,2012,TX,EU,NGIC,388,megawatts
46,2012,TX,EU,NGGT,2523.9,megawatts
47,2012,TX,EU,NGCC,4795.9,megawatts
48,2012,TX,EU,NG,17943.8,megawatts
49,2012,TX,EU,HYC,682.1,megawatts
50,2012,TX,EU,COL,9742,megawatts
51,2011,TX,TOT,ALL,109178.5,megawatts
52,2011,TX,TOT,WOO,216.2,megawatts
53,2011,TX,TOT,WND,10361.3,megawatts
54,2011,TX,TOT,SOLPV,43.5,megawatts
55,2011,TX,TOT,SOL,43.5,megawatts
56,2011,TX,TOT,PETST,145.6,megawatts
57,2011,TX,TOT,PETIC,62,megawatts
58,2011,TX,TOT,PET,207.6,megawatts
59,2011,TX,TOT,OOG,305.6,megawatts
60,2011,TX,TOT,OBM,125.8,megawatts
61,2011,TX,TOT,OT,227.7,megawatts
62,2011,TX,TOT,NUC,4960,megawatts
63,2011,TX,TOT,NGST,23770.1,megawatts
64,2011,TX,TOT,NGIC,423,megawatts
65,2011,TX,TOT,NGGT,7469.3,megawatts
66,2011,TX,TOT,NGCC,37197.7,megawatts
67,2011,TX,TOT,NG,68860.1,megawatts
68,2011,TX,TOT,HYC,689.3,megawatts
69,2011,TX,TOT,COL,23180.4,megawatts
70,2011,TX,TOT,BAT,1,megawatts
71,2011,TX,IPP,ALL,81789.3,megawatts
72,2011,TX,IPP,WOO,216.2,megawatts
73,2011,TX,IPP,WND,10281.8,megawatts
74,2011,TX,IPP,SOLPV,43.5,megawatts
75,2011,TX,IPP,SOL,43.5,megawatts
76,2011,TX,IPP,PETST,145.6,megawatts
77,2011,TX,IPP,PETIC,47.2,megawatts
78,2011,TX,IPP,PET,192.8,megawatts
79,2011,TX,IPP,OOG,305.6,megawatts
80,2011,TX,IPP,OBM,125.8,megawatts
81,2011,TX,IPP,OT,227.7,megawatts
82,2011,TX,IPP,NUC,4960,megawatts
83,2011,TX,IPP,NGST,13419.1,megawatts
84,2011,TX,IPP,NGIC,35,megawatts
85,2011,TX,IPP,NGGT,4912.4,megawatts
86,2011,TX,IPP,NGCC,33643.8,megawatts
87,2011,TX,IPP,NG,52010.3,megawatts
88,2011,TX,IPP,HYC,7.2,megawatts
89,2011,TX,IPP,COL,13417.4,megawatts
90,2011,TX,IPP,BAT,1,megawatts
91,2011,TX,EU,ALL,27389.2,megawatts
92,2011,TX,EU,WND,79.5,megawatts
93,2011,TX,EU,PETIC,14.8,megawatts
94,2011,TX,EU,PET,14.8,megawatts
95,2011,TX,EU,NGST,10351,megawatts
96,2011,TX,EU,NGIC,388,megawatts
97,2011,TX,EU,NGGT,2556.9,megawatts
98,2011,TX,EU,NGCC,3553.9,megawatts
99,2011,TX,EU,NG,16849.8,megawatts
100,2011,TX,EU,HYC,682.1,megawatts
101,2011,TX,EU,COL,9763,megawatts
102,2010,TX,TOT,WOO,214.5,megawatts
103,2010,TX,TOT,WND,9951.9,megawatts
104,2010,TX,TOT,SOLPV,13.5,megawatts
105,2010,TX,TOT,SOL,13.5,megawatts
106,2010,TX,TOT,PETST,145.6,megawatts
107,2010,TX,TOT,PETIC,58.6,megawatts
108,2010,TX,TOT,PET,204.2,megawatts
109,2010,TX,TOT,OOG,305.6,megawatts
110,2010,TX,TOT,OBM,115.4,megawatts
111,2010,TX,TOT,OT,987.7,megawatts
112,2010,TX,TOT,NUC,4966,megawatts
113,2010,TX,TOT,NGST,25270.3,megawatts
114,2010,TX,TOT,NGIC,262.5,megawatts
115,2010,TX,TOT,NGGT,7713.9,megawatts
116,2010,TX,TOT,NGCC,35226.3,megawatts
117,2010,TX,TOT,NG,68473,megawatts
118,2010,TX,TOT,HYC,689.3,megawatts
119,2010,TX,TOT,COL,22335.4,megawatts
120,2010,TX,TOT,BAT,1,megawatts
121,2010,TX,TOT,ALL,108257.5,megawatts
122,2010,TX,IPP,ALL,81724.1,megawatts
123,2010,TX,IPP,WOO,214.5,megawatts
124,2010,TX,IPP,WND,9950.6,megawatts
125,2010,TX,IPP,SOLPV,13.5,megawatts
126,2010,TX,IPP,SOL,13.5,megawatts
127,2010,TX,IPP,PETST,145.6,megawatts
128,2010,TX,IPP,PETIC,43.8,megawatts
129,2010,TX,IPP,PET,189.4,megawatts
130,2010,TX,IPP,OOG,305.6,megawatts
131,2010,TX,IPP,OBM,115.4,megawatts
132,2010,TX,IPP,OT,987.7,megawatts
133,2010,TX,IPP,NUC,4966,megawatts
134,2010,TX,IPP,NGST,14536.3,megawatts
135,2010,TX,IPP,NGIC,34.7,megawatts
136,2010,TX,IPP,NGGT,5328,megawatts
137,2010,TX,IPP,NGCC,32499.8,megawatts
138,2010,TX,IPP,NG,52398.8,megawatts
139,2010,TX,IPP,HYC,7.2,megawatts
140,2010,TX,IPP,COL,12574.4,megawatts
141,2010,TX,IPP,BAT,1,megawatts
142,2010,TX,EU,ALL,26533.4,megawatts
143,2010,TX,EU,WND,1.3,megawatts
144,2010,TX,EU,PETIC,14.8,megawatts
145,2010,TX,EU,PET,14.8,megawatts
146,2010,TX,EU,NGST,10734,megawatts
147,2010,TX,EU,NGIC,227.8,megawatts
148,2010,TX,EU,NGGT,2385.9,megawatts
149,2010,TX,EU,NGCC,2726.5,megawatts
150,2010,TX,EU,NG,16074.2,megawatts
151,2010,TX,EU,HYC,682.1,megawatts
152,2010,TX,EU,COL,9761,megawatts
153,2009,TX,TOT,NGST,24669,megawatts
154,2009,TX,TOT,NGOTH,5,megawatts
155,2009,TX,TOT,NGIC,36.5,megawatts
156,2009,TX,TOT,NGGT,7210.4,megawatts
157,2009,TX,TOT,NGCC,34928.8,megawatts
158,2009,TX,TOT,NG,66849.7,megawatts
159,2009,TX,TOT,HYC,689,megawatts
160,2009,TX,TOT,COL,20247,megawatts
161,2009,TX,TOT,ALL,103037.2,megawatts
162,2009,TX,TOT,WOO,179.5,megawatts
163,2009,TX,TOT,WND,9378.3,megawatts
164,2009,TX,TOT,PETST,146.6,megawatts
165,2009,TX,TOT,PETOTH,12,megawatts
166,2009,TX,TOT,PETIC,62.1,megawatts
167,2009,TX,TOT,PET,220.7,megawatts
168,2009,TX,TOT,OOG,184.1,megawatts
169,2009,TX,TOT,OBM,107.2,megawatts
170,2009,TX,TOT,OT,254.7,megawatts
171,2009,TX,TOT,NUC,4927,megawatts
172,2009,TX,IPP,ALL,77897.6,megawatts
173,2009,TX,IPP,WOO,179.5,megawatts
174,2009,TX,IPP,WND,9377,megawatts
175,2009,TX,IPP,PETST,146.6,megawatts
176,2009,TX,IPP,PETOTH,12,megawatts
177,2009,TX,IPP,PETIC,47.3,megawatts
178,2009,TX,IPP,PET,205.9,megawatts
179,2009,TX,IPP,OOG,184.1,megawatts
180,2009,TX,IPP,OBM,107.2,megawatts
181,2009,TX,IPP,OT,215.7,megawatts
182,2009,TX,IPP,NUC,4927,megawatts
183,2009,TX,IPP,NGST,13906,megawatts
184,2009,TX,IPP,NGOTH,5,megawatts
185,2009,TX,IPP,NGIC,34.3,megawatts
186,2009,TX,IPP,NGGT,5471.4,megawatts
187,2009,TX,IPP,NGCC,32054.3,megawatts
188,2009,TX,IPP,NG,51471,megawatts
189,2009,TX,IPP,HYC,7.2,megawatts
190,2009,TX,IPP,COL,11223,megawatts
191,2009,TX,EU,ALL,25139.6,megawatts
192,2009,TX,EU,WND,1.3,megawatts
193,2009,TX,EU,PETIC,14.8,megawatts
194,2009,TX,EU,PET,14.8,megawatts
195,2009,TX,EU,OT,39,megawatts
196,2009,TX,EU,NGST,10763,megawatts
197,2009,TX,EU,NGIC,2.2,megawatts
198,2009,TX,EU,NGGT,1739,megawatts
199,2009,TX,EU,NGCC,2874.5,megawatts
200,2009,TX,EU,NG,15378.7,megawatts
201,2009,TX,EU,HYC,681.8,megawatts
202,2009,TX,EU,COL,9024,megawatts
203,2008,TX,TOT,ALL,104965.5,megawatts
204,2008,TX,TOT,WOO,179.5,megawatts
205,2008,TX,TOT,WND,7426.7,megawatts
206,2008,TX,TOT,PETST,143.6,megawatts
207,2008,TX,TOT,PETOTH,12,megawatts
208,2008,TX,TOT,PETIC,62.1,megawatts
209,2008,TX,TOT,PET,217.7,megawatts
210,2008,TX,TOT,OOG,187.3,megawatts
211,2008,TX,TOT,OBM,101.4,megawatts
212,2008,TX,TOT,OT,254.7,megawatts
213,2008,TX,TOT,NUC,4927,megawatts
214,2008,TX,TOT,NGST,29248.9,megawatts
215,2008,TX,TOT,NGOTH,5,megawatts
216,2008,TX,TOT,NGIC,42,megawatts
217,2008,TX,TOT,NGGT,7271.4,megawatts
218,2008,TX,TOT,NGCC,34242.4,megawatts
219,2008,TX,TOT,NG,70809.7,megawatts
220,2008,TX,TOT,HYC,672.5,megawatts
221,2008,TX,TOT,COL,20189,megawatts
222,2008,TX,IPP,NG,55503,megawatts
223,2008,TX,IPP,HYC,7.2,megawatts
224,2008,TX,IPP,COL,11211,megawatts
225,2008,TX,IPP,ALL,79960.4,megawatts
226,2008,TX,IPP,WOO,179.5,megawatts
227,2008,TX,IPP,WND,7425.4,megawatts
228,2008,TX,IPP,PETST,143.6,megawatts
229,2008,TX,IPP,PETOTH,12,megawatts
230,2008,TX,IPP,PETIC,47.3,megawatts
231,2008,TX,IPP,PET,202.9,megawatts
232,2008,TX,IPP,OOG,187.3,megawatts
233,2008,TX,IPP,OBM,101.4,megawatts
234,2008,TX,IPP,OT,215.7,megawatts
235,2008,TX,IPP,NUC,4927,megawatts
236,2008,TX,IPP,NGST,18436.9,megawatts
237,2008,TX,IPP,NGOTH,5,megawatts
238,2008,TX,IPP,NGIC,39.8,megawatts
239,2008,TX,IPP,NGGT,5513.4,megawatts
240,2008,TX,IPP,NGCC,31507.9,megawatts
241,2008,TX,EU,ALL,25005.1,megawatts
242,2008,TX,EU,WND,1.3,megawatts
243,2008,TX,EU,PETIC,14.8,megawatts
244,2008,TX,EU,PET,14.8,megawatts
245,2008,TX,EU,OT,39,megawatts
246,2008,TX,EU,NGST,10812,megawatts
247,2008,TX,EU,NGIC,2.2,megawatts
248,2008,TX,EU,NGGT,1758,megawatts
249,2008,TX,EU,NGCC,2734.5,megawatts
250,2008,TX,EU,NG,15306.7,megawatts
251,2008,TX,EU,HYC,665.3,megawatts
252,2008,TX,EU,COL,8978,megawatts
253,2007,TX,TOT,ALL,101938,megawatts
254,2007,TX,TOT,WOO,130,megawatts
255,2007,TX,TOT,WND,4490,megawatts
256,2007,TX,TOT,PET,216,megawatts
257,2007,TX,TOT,OOG,308,megawatts
258,2007,TX,TOT,OBM,92,megawatts
259,2007,TX,TOT,OT,245,megawatts
260,2007,TX,TOT,NUC,4860,megawatts
261,2007,TX,TOT,NG,71107,megawatts
262,2007,TX,TOT,HYC,673,megawatts
263,2007,TX,TOT,COL,19817,megawatts
264,2007,TX,IPP,ALL,77369,megawatts
265,2007,TX,IPP,WOO,130,megawatts
266,2007,TX,IPP,WND,4489,megawatts
267,2007,TX,IPP,PET,203,megawatts
268,2007,TX,IPP,OOG,204,megawatts
269,2007,TX,IPP,OBM,92,megawatts
270,2007,TX,IPP,OT,206,megawatts
271,2007,TX,IPP,NUC,4860,megawatts
272,2007,TX,IPP,NG,56265,megawatts
273,2007,TX,IPP,HYC,7,megawatts
274,2007,TX,IPP,COL,10913,megawatts
275,2007,TX,EU,ALL,24569,megawatts
276,2007,TX,EU,WND,1,megawatts
277,2007,TX,EU,PET,13,megawatts
278,2007,TX,EU,OOG,104,megawatts
279,2007,TX,EU,OT,39,megawatts
280,2007,TX,EU,NG,14841,megawatts
281,2007,TX,EU,HYC,666,megawatts
282,2007,TX,EU,COL,8904,megawatts
283,2006,TX,TOT,ALL,100754,megawatts
284,2006,TX,TOT,WOO,130,megawatts
285,2006,TX,TOT,WND,2738,megawatts
286,2006,TX,TOT,PET,220,megawatts
287,2006,TX,TOT,OOG,287,megawatts
288,2006,TX,TOT,OBM,58,megawatts
289,2006,TX,TOT,OT,239,megawatts
290,2006,TX,TOT,NUC,4860,megawatts
291,2006,TX,TOT,NG,71698,megawatts
292,2006,TX,TOT,HYC,681,megawatts
293,2006,TX,TOT,COL,19843,megawatts
294,2006,TX,IPP,ALL,75763,megawatts
295,2006,TX,IPP,WOO,130,megawatts
296,2006,TX,IPP,WND,2736,megawatts
297,2006,TX,IPP,PET,207,megawatts
298,2006,TX,IPP,OOG,183,megawatts
299,2006,TX,IPP,OBM,58,megawatts
300,2006,TX,IPP,OT,200,megawatts
301,2006,TX,IPP,NUC,4860,megawatts
302,2006,TX,IPP,NG,56428,megawatts
303,2006,TX,IPP,HYC,7,megawatts
304,2006,TX,IPP,COL,10954,megawatts
305,2006,TX,EU,ALL,24991,megawatts
306,2006,TX,EU,WND,1,megawatts
307,2006,TX,EU,PET,13,megawatts
308,2006,TX,EU,OOG,104,megawatts
309,2006,TX,EU,OT,39,megawatts
310,2006,TX,EU,NG,15271,megawatts
311,2006,TX,EU,HYC,674,megawatts
312,2006,TX,EU,COL,8889,megawatts
313,2005,TX,TOT,ALL,101046,megawatts
314,2005,TX,TOT,WOO,130,megawatts
315,2005,TX,TOT,WND,1755,megawatts
316,2005,TX,TOT,PET,222,megawatts
317,2005,TX,TOT,OOG,237,megawatts
318,2005,TX,TOT,OBM,57,megawatts
319,2005,TX,TOT,OT,297,megawatts
320,2005,TX,TOT,NUC,4860,megawatts
321,2005,TX,TOT,NG,72629,megawatts
322,2005,TX,TOT,HYC,673,megawatts
323,2005,TX,TOT,COL,20188,megawatts
324,2005,TX,IPP,ALL,77013,megawatts
325,2005,TX,IPP,WOO,130,megawatts
326,2005,TX,IPP,WND,1753,megawatts
327,2005,TX,IPP,PET,209,megawatts
328,2005,TX,IPP,OOG,237,megawatts
329,2005,TX,IPP,OBM,57,megawatts
330,2005,TX,IPP,OT,258,megawatts
331,2005,TX,IPP,NUC,4860,megawatts
332,2005,TX,IPP,NG,58300,megawatts
333,2005,TX,IPP,HYC,7,megawatts
334,2005,TX,IPP,COL,11204,megawatts
335,2005,TX,EU,ALL,24033,megawatts
336,2005,TX,EU,WND,1,megawatts
337,2005,TX,EU,PET,13,megawatts
338,2005,TX,EU,OT,39,megawatts
339,2005,TX,EU,NG,14329,megawatts
340,2005,TX,EU,HYC,666,megawatts
341,2005,TX,EU,COL,8984,megawatts
342,2004,TX,TOT,ALL,100618,megawatts
343,2004,TX,TOT,WOO,100,megawatts
344,2004,TX,TOT,WND,1286,megawatts
345,2004,TX,TOT,PET,231,megawatts
346,2004,TX,TOT,OOG,359,megawatts
347,2004,TX,TOT,OBM,47,megawatts
348,2004,TX,TOT,OT,136,megawatts
349,2004,TX,TOT,NUC,4860,megawatts
350,2004,TX,TOT,NG,72730,megawatts
351,2004,TX,TOT,HYC,668,megawatts
352,2004,TX,TOT,COL,20201,megawatts
353,2004,TX,IPP,ALL,77031,megawatts
354,2004,TX,IPP,WOO,100,megawatts
355,2004,TX,IPP,WND,1284,megawatts
356,2004,TX,IPP,PET,217,megawatts
357,2004,TX,IPP,OOG,359,megawatts
358,2004,TX,IPP,OBM,47,megawatts
359,2004,TX,IPP,OT,123,megawatts
360,2004,TX,IPP,NUC,4860,megawatts
361,2004,TX,IPP,NG,58842,megawatts
362,2004,TX,IPP,HYC,7,megawatts
363,2004,TX,IPP,COL,11191,megawatts
364,2004,TX,EU,ALL,23587,megawatts
365,2004,TX,EU,WND,1,megawatts
366,2004,TX,EU,PET,13,megawatts
367,2004,TX,EU,OT,13,megawatts
368,2004,TX,EU,NG,13889,megawatts
369,2004,TX,EU,HYC,661,megawatts
370,2004,TX,EU,COL,9010,megawatts
371,2003,TX,TOT,ALL,97570,megawatts
372,2003,TX,TOT,WOO,100,megawatts
373,2003,TX,TOT,WND,1245,megawatts
374,2003,TX,TOT,PET,790,megawatts
375,2003,TX,TOT,OOG,289,megawatts
376,2003,TX,TOT,OBM,48,megawatts
377,2003,TX,TOT,OT,102,megawatts
378,2003,TX,TOT,NUC,4768,megawatts
379,2003,TX,TOT,NG,69476,megawatts
380,2003,TX,TOT,HYC,699,megawatts
381,2003,TX,TOT,COL,20053,megawatts
382,2003,TX,IPP,ALL,74941,megawatts
383,2003,TX,IPP,WOO,100,megawatts
384,2003,TX,IPP,WND,1244,megawatts
385,2003,TX,IPP,PET,785,megawatts
386,2003,TX,IPP,OOG,289,megawatts
387,2003,TX,IPP,OBM,48,megawatts
388,2003,TX,IPP,OT,89,megawatts
389,2003,TX,IPP,NUC,4768,megawatts
390,2003,TX,IPP,NG,55747,megawatts
391,2003,TX,IPP,HYC,7,megawatts
392,2003,TX,IPP,COL,11864,megawatts
393,2003,TX,EU,ALL,22629,megawatts
394,2003,TX,EU,WND,1,megawatts
395,2003,TX,EU,PET,5,megawatts
396,2003,TX,EU,OT,13,megawatts
397,2003,TX,EU,NG,13729,megawatts
398,2003,TX,EU,HYC,692,megawatts
399,2003,TX,EU,COL,8189,megawatts
400,2002,TX,TOT,ALL,96565,megawatts
401,2002,TX,TOT,WOO,100,megawatts
402,2002,TX,TOT,WND,1085,megawatts
403,2002,TX,TOT,SOL,6,megawatts
404,2002,TX,TOT,PET,778,megawatts
405,2002,TX,TOT,OOG,295,megawatts
406,2002,TX,TOT,OBM,17,megawatts
407,2002,TX,TOT,OT,118,megawatts
408,2002,TX,TOT,NUC,4737,megawatts
409,2002,TX,TOT,NG,68536,megawatts
410,2002,TX,TOT,HYC,697,megawatts
411,2002,TX,TOT,COL,20196,megawatts
412,2002,TX,IPP,ALL,57662,megawatts
413,2002,TX,IPP,WOO,100,megawatts
414,2002,TX,IPP,WND,1084,megawatts
415,2002,TX,IPP,PET,773,megawatts
416,2002,TX,IPP,OOG,295,megawatts
417,2002,TX,IPP,OBM,17,megawatts
418,2002,TX,IPP,OT,118,megawatts
419,2002,TX,IPP,NUC,2208,megawatts
420,2002,TX,IPP,NG,45262,megawatts
421,2002,TX,IPP,HYC,7,megawatts
422,2002,TX,IPP,COL,7798,megawatts
423,2002,TX,EU,ALL,38903,megawatts
424,2002,TX,EU,WND,1,megawatts
425,2002,TX,EU,SOL,6,megawatts
426,2002,TX,EU,PET,5,megawatts
427,2002,TX,EU,NUC,2529,megawatts
428,2002,TX,EU,NG,23274,megawatts
429,2002,TX,EU,HYC,690,megawatts
430,2002,TX,EU,COL,12398,megawatts
431,2001,TX,TOT,ALL,88256,megawatts
432,2001,TX,TOT,WOO,100,megawatts
433,2001,TX,TOT,WND,925,megawatts
434,2001,TX,TOT,SOL,1,megawatts
435,2001,TX,TOT,PET,1700,megawatts
436,2001,TX,TOT,OOG,155,megawatts
437,2001,TX,TOT,OBM,10,megawatts
438,2001,TX,TOT,OT,3548,megawatts
439,2001,TX,TOT,NUC,4737,megawatts
440,2001,TX,TOT,NG,56470,megawatts
441,2001,TX,TOT,HYC,697,megawatts
442,2001,TX,TOT,COL,19913,megawatts
443,2001,TX,IPP,ALL,49315,megawatts
444,2001,TX,IPP,WOO,100,megawatts
445,2001,TX,IPP,WND,923,megawatts
446,2001,TX,IPP,PET,1695,megawatts
447,2001,TX,IPP,OOG,155,megawatts
448,2001,TX,IPP,OBM,10,megawatts
449,2001,TX,IPP,OT,3049,megawatts
450,2001,TX,IPP,NUC,2208,megawatts
451,2001,TX,IPP,NG,33727,megawatts
452,2001,TX,IPP,HYC,7,megawatts
453,2001,TX,IPP,COL,7442,megawatts
454,2001,TX,EU,ALL,38940,megawatts
455,2001,TX,EU,COL,12471,megawatts
456,2001,TX,EU,HYC,690,megawatts
457,2001,TX,EU,NG,22744,megawatts
458,2001,TX,EU,NUC,2529,megawatts
459,2001,TX,EU,OT,499,megawatts
460,2001,TX,EU,PET,5,megawatts
461,2001,TX,EU,SOL,1,megawatts
462,2001,TX,EU,WND,1,megawatts
463,2000,TX,TOT,ALL,81898,megawatts
464,2000,TX,TOT,WOO,168,megawatts
465,2000,TX,TOT,WND,173,megawatts
466,2000,TX,TOT,SOL,1,megawatts
467,2000,TX,TOT,PET,746,megawatts
468,2000,TX,TOT,OOG,171,megawatts
469,2000,TX,TOT,OBM,17,megawatts
470,2000,TX,TOT,OT,505,megawatts
471,2000,TX,TOT,NUC,4800,megawatts
472,2000,TX,TOT,NG,54807,megawatts
473,2000,TX,TOT,HYC,698,megawatts
474,2000,TX,TOT,COL,19812,megawatts
475,2000,TX,IPP,ALL,16514,megawatts
476,2000,TX,IPP,WOO,168,megawatts
477,2000,TX,IPP,WND,173,megawatts
478,2000,TX,IPP,PET,709,megawatts
479,2000,TX,IPP,OOG,171,megawatts
480,2000,TX,IPP,OBM,17,megawatts
481,2000,TX,IPP,OT,6,megawatts
482,2000,TX,IPP,NG,14929,megawatts
483,2000,TX,IPP,HYC,2,megawatts
484,2000,TX,IPP,COL,338,megawatts
485,2000,TX,EU,ALL,65384,megawatts
486,2000,TX,EU,SOL,1,megawatts
487,2000,TX,EU,PET,37,megawatts
488,2000,TX,EU,OT,499,megawatts
489,2000,TX,EU,NUC,4800,megawatts
490,2000,TX,EU,NG,39878,megawatts
491,2000,TX,EU,HYC,696,megawatts
492,2000,TX,EU,COL,19473,megawatts
493,1999,TX,TOT,ALL,76057,megawatts
494,1999,TX,TOT,WOO,137,megawatts
495,1999,TX,TOT,WND,173,megawatts
496,1999,TX,TOT,SOL,1,megawatts
497,1999,TX,TOT,PET,309,megawatts
498,1999,TX,TOT,OOG,129,megawatts
499,1999,TX,TOT,OBM,12,megawatts
500,1999,TX,TOT,OT,558,megawatts
501,1999,TX,TOT,NUC,4800,megawatts
502,1999,TX,TOT,NG,49031,megawatts
503,1999,TX,TOT,HYC,693,megawatts
504,1999,TX,TOT,COL,20213,megawatts
505,1999,TX,IPP,ALL,10763,megawatts
506,1999,TX,IPP,WOO,137,megawatts
507,1999,TX,IPP,WND,173,megawatts
508,1999,TX,IPP,PET,271,megawatts
509,1999,TX,IPP,OOG,129,megawatts
510,1999,TX,IPP,OBM,12,megawatts
511,1999,TX,IPP,OT,251,megawatts
512,1999,TX,IPP,NG,9450,megawatts
513,1999,TX,IPP,HYC,2,megawatts
514,1999,TX,IPP,COL,338,megawatts
515,1999,TX,EU,ALL,65293,megawatts
516,1999,TX,EU,COL,19875,megawatts
517,1999,TX,EU,HYC,691,megawatts
518,1999,TX,EU,NG,39581,megawatts
519,1999,TX,EU,NUC,4800,megawatts
520,1999,TX,EU,OT,307,megawatts
521,1999,TX,EU,PET,38,megawatts
522,1999,TX,EU,SOL,1,megawatts
523,1998,TX,TOT,COL,20069,megawatts
524,1998,TX,TOT,ALL,74572,megawatts
525,1998,TX,TOT,HYC,695,megawatts
526,1998,TX,TOT,NG,47961,megawatts
527,1998,TX,TOT,NUC,4800,megawatts
528,1998,TX,TOT,OT,377,megawatts
529,1998,TX,TOT,OBM,14,megawatts
530,1998,TX,TOT,OOG,192,megawatts
531,1998,TX,TOT,PET,292,megawatts
532,1998,TX,TOT,SOL,1,megawatts
533,1998,TX,TOT,WND,34,megawatts
534,1998,TX,TOT,WOO,137,megawatts
535,1998,TX,IPP,ALL,9363,megawatts
536,1998,TX,IPP,WOO,137,megawatts
537,1998,TX,IPP,WND,34,megawatts
538,1998,TX,IPP,PET,255,megawatts
539,1998,TX,IPP,OOG,192,megawatts
540,1998,TX,IPP,OBM,14,megawatts
541,1998,TX,IPP,OT,70,megawatts
542,1998,TX,IPP,NG,8323,megawatts
543,1998,TX,IPP,HYC,2,megawatts
544,1998,TX,IPP,COL,338,megawatts
545,1998,TX,EU,ALL,65209,megawatts
546,1998,TX,EU,COL,19731,megawatts
547,1998,TX,EU,HYC,694,megawatts
548,1998,TX,EU,NG,39639,megawatts
549,1998,TX,EU,NUC,4800,megawatts
550,1998,TX,EU,OT,307,megawatts
551,1998,TX,EU,PET,37,megawatts
552,1998,TX,EU,SOL,1,megawatts
553,1997,TX,TOT,ALL,73455,megawatts
554,1997,TX,TOT,WOO,191,megawatts
555,1997,TX,TOT,WND,34,megawatts
556,1997,TX,TOT,SOL,1,megawatts
557,1997,TX,TOT,PET,290,megawatts
558,1997,TX,TOT,OOG,156,megawatts
559,1997,TX,TOT,OBM,17,megawatts
560,1997,TX,TOT,OT,377,megawatts
561,1997,TX,TOT,NUC,4800,megawatts
562,1997,TX,TOT,NG,46975,megawatts
563,1997,TX,TOT,HYC,687,megawatts
564,1997,TX,TOT,COL,19927,megawatts
565,1997,TX,IPP,ALL,8598,megawatts
566,1997,TX,IPP,WOO,191,megawatts
567,1997,TX,IPP,WND,34,megawatts
568,1997,TX,IPP,PET,253,megawatts
569,1997,TX,IPP,OOG,156,megawatts
570,1997,TX,IPP,OBM,17,megawatts
571,1997,TX,IPP,OT,70,megawatts
572,1997,TX,IPP,NG,7536,megawatts
573,1997,TX,IPP,HYC,2,megawatts
574,1997,TX,IPP,COL,340,megawatts
575,1997,TX,EU,ALL,64858,megawatts
576,1997,TX,EU,SOL,1,megawatts
577,1997,TX,EU,PET,37,megawatts
578,1997,TX,EU,OT,307,megawatts
579,1997,TX,EU,NUC,4800,megawatts
580,1997,TX,EU,NG,39440,megawatts
581,1997,TX,EU,HYC,686,megawatts
582,1997,TX,EU,COL,19587,megawatts
583,1996,TX,TOT,ALL,73361,megawatts
584,1996,TX,TOT,WOO,144,megawatts
585,1996,TX,TOT,WND,34,megawatts
586,1996,TX,TOT,SOL,0,megawatts
587,1996,TX,TOT,PET,297,megawatts
588,1996,TX,TOT,OOG,170,megawatts
589,1996,TX,TOT,OBM,17,megawatts
590,1996,TX,TOT,OT,352,megawatts
591,1996,TX,TOT,NUC,4932,megawatts
592,1996,TX,TOT,NG,46993,megawatts
593,1996,TX,TOT,HYC,685,megawatts
594,1996,TX,TOT,COL,19739,megawatts
595,1996,TX,IPP,ALL,8593,megawatts
596,1996,TX,IPP,WOO,144,megawatts
597,1996,TX,IPP,WND,34,megawatts
598,1996,TX,IPP,PET,249,megawatts
599,1996,TX,IPP,OOG,170,megawatts
600,1996,TX,IPP,OBM,17,megawatts
601,1996,TX,IPP,OT,70,megawatts
602,1996,TX,IPP,NG,7570,megawatts
603,1996,TX,IPP,HYC,2,megawatts
604,1996,TX,IPP,COL,340,megawatts
605,1996,TX,EU,ALL,64768,megawatts
606,1996,TX,EU,SOL,0,megawatts
607,1996,TX,EU,PET,48,megawatts
608,1996,TX,EU,OT,282,megawatts
609,1996,TX,EU,NUC,4932,megawatts
610,1996,TX,EU,NG,39423,megawatts
611,1996,TX,EU,HYC,683,megawatts
612,1996,TX,EU,COL,19399,megawatts
613,1995,TX,TOT,ALL,72664,megawatts
614,1995,TX,TOT,WOO,183,megawatts
615,1995,TX,TOT,SOL,0,megawatts
616,1995,TX,TOT,PET,290,megawatts
617,1995,TX,TOT,OOG,163,megawatts
618,1995,TX,TOT,OBM,16,megawatts
619,1995,TX,TOT,OT,70,megawatts
620,1995,TX,TOT,NUC,4802,megawatts
621,1995,TX,TOT,NG,46723,megawatts
622,1995,TX,TOT,HYC,680,megawatts
623,1995,TX,TOT,COL,19737,megawatts
624,1995,TX,IPP,ALL,8239,megawatts
625,1995,TX,IPP,WOO,183,megawatts
626,1995,TX,IPP,PET,241,megawatts
627,1995,TX,IPP,OOG,163,megawatts
628,1995,TX,IPP,OBM,16,megawatts
629,1995,TX,IPP,OT,70,megawatts
630,1995,TX,IPP,NG,7228,megawatts
631,1995,TX,IPP,COL,338,megawatts
632,1995,TX,EU,ALL,64425,megawatts
633,1995,TX,EU,SOL,0,megawatts
634,1995,TX,EU,PET,49,megawatts
635,1995,TX,EU,NUC,4802,megawatts
636,1995,TX,EU,NG,39495,megawatts
637,1995,TX,EU,HYC,680,megawatts
638,1995,TX,EU,COL,19399,megawatts
639,1994,TX,TOT,ALL,71507,megawatts
640,1994,TX,TOT,WOO,194,megawatts
641,1994,TX,TOT,SOL,0,megawatts
642,1994,TX,TOT,PET,283,megawatts
643,1994,TX,TOT,OOG,163,megawatts
644,1994,TX,TOT,OBM,11,megawatts
645,1994,TX,TOT,OT,70,megawatts
646,1994,TX,TOT,NUC,4782,megawatts
647,1994,TX,TOT,NG,45668,megawatts
648,1994,TX,TOT,HYC,654,megawatts
649,1994,TX,TOT,COL,19683,megawatts
650,1994,TX,IPP,ALL,8156,megawatts
651,1994,TX,IPP,WOO,194,megawatts
652,1994,TX,IPP,PET,241,megawatts
653,1994,TX,IPP,OOG,163,megawatts
654,1994,TX,IPP,OBM,11,megawatts
655,1994,TX,IPP,OT,70,megawatts
656,1994,TX,IPP,NG,7139,megawatts
657,1994,TX,IPP,COL,338,megawatts
658,1994,TX,EU,ALL,63351,megawatts
659,1994,TX,EU,SOL,0,megawatts
660,1994,TX,EU,PET,41,megawatts
661,1994,TX,EU,NUC,4782,megawatts
662,1994,TX,EU,NG,38529,megawatts
663,1994,TX,EU,HYC,654,megawatts
664,1994,TX,EU,COL,19345,megawatts
665,1993,TX,TOT,ALL,70792,megawatts
666,1993,TX,TOT,WOO,207,megawatts
667,1993,TX,TOT,SOL,0,megawatts
668,1993,TX,TOT,PET,295,megawatts
669,1993,TX,TOT,OOG,131,megawatts
670,1993,TX,TOT,OBM,11,megawatts
671,1993,TX,TOT,OT,70,megawatts
672,1993,TX,TOT,NUC,4782,megawatts
673,1993,TX,TOT,NG,44971,megawatts
674,1993,TX,TOT,HYC,652,megawatts
675,1993,TX,TOT,COL,19673,megawatts
676,1993,TX,IPP,ALL,7578,megawatts
677,1993,TX,IPP,WOO,207,megawatts
678,1993,TX,IPP,PET,254,megawatts
679,1993,TX,IPP,OOG,131,megawatts
680,1993,TX,IPP,OBM,11,megawatts
681,1993,TX,IPP,OT,70,megawatts
682,1993,TX,IPP,NG,6568,megawatts
683,1993,TX,IPP,COL,338,megawatts
684,1993,TX,EU,ALL,63214,megawatts
685,1993,TX,EU,SOL,0,megawatts
686,1993,TX,EU,PET,41,megawatts
687,1993,TX,EU,NUC,4782,megawatts
688,1993,TX,EU,NG,38403,megawatts
689,1993,TX,EU,HYC,652,megawatts
690,1993,TX,EU,COL,19335,megawatts
691,1992,TX,TOT,ALL,70448,megawatts
692,1992,TX,TOT,WOO,192,megawatts
693,1992,TX,TOT,SOL,0,megawatts
694,1992,TX,TOT,PET,298,megawatts
695,1992,TX,TOT,OOG,156,megawatts
696,1992,TX,TOT,OBM,11,megawatts
697,1992,TX,TOT,OT,248,megawatts
698,1992,TX,TOT,NUC,4782,megawatts
699,1992,TX,TOT,NG,44438,megawatts
700,1992,TX,TOT,HYC,651,megawatts
701,1992,TX,TOT,COL,19673,megawatts
702,1992,TX,IPP,ALL,7236,megawatts
703,1992,TX,IPP,WOO,192,megawatts
704,1992,TX,IPP,PET,256,megawatts
705,1992,TX,IPP,OOG,156,megawatts
706,1992,TX,IPP,OBM,11,megawatts
707,1992,TX,IPP,OT,70,megawatts
708,1992,TX,IPP,NG,6214,megawatts
709,1992,TX,IPP,COL,338,megawatts
710,1992,TX,EU,ALL,63213,megawatts
711,1992,TX,EU,SOL,0,megawatts
712,1992,TX,EU,PET,41,megawatts
713,1992,TX,EU,OT,178,megawatts
714,1992,TX,EU,NUC,4782,megawatts
715,1992,TX,EU,NG,38225,megawatts
716,1992,TX,EU,HYC,651,megawatts
717,1992,TX,EU,COL,19335,megawatts
718,1991,TX,TOT,ALL,68514,megawatts
719,1991,TX,TOT,WOO,144,megawatts
720,1991,TX,TOT,SOL,0,megawatts
721,1991,TX,TOT,PET,334,megawatts
722,1991,TX,TOT,OOG,194,megawatts
723,1991,TX,TOT,OBM,10,megawatts
724,1991,TX,TOT,OT,248,megawatts
725,1991,TX,TOT,NUC,3650,megawatts
726,1991,TX,TOT,NG,44180,megawatts
727,1991,TX,TOT,HYC,640,megawatts
728,1991,TX,TOT,COL,19114,megawatts
729,1991,TX,IPP,OT,70,megawatts
730,1991,TX,IPP,NG,6063,megawatts
731,1991,TX,IPP,COL,338,megawatts
732,1991,TX,IPP,ALL,7094,megawatts
733,1991,TX,IPP,OBM,10,megawatts
734,1991,TX,IPP,OOG,194,megawatts
735,1991,TX,IPP,PET,275,megawatts
736,1991,TX,IPP,WOO,144,megawatts
737,1991,TX,EU,ALL,61420,megawatts
738,1991,TX,EU,SOL,0,megawatts
739,1991,TX,EU,PET,59,megawatts
740,1991,TX,EU,OT,178,megawatts
741,1991,TX,EU,NUC,3650,megawatts
742,1991,TX,EU,NG,38117,megawatts
743,1991,TX,EU,HYC,640,megawatts
744,1991,TX,EU,COL,18776,megawatts
745,1990,TX,TOT,ALL,68383,megawatts
746,1990,TX,TOT,WOO,132,megawatts
747,1990,TX,TOT,SOL,0,megawatts
748,1990,TX,TOT,PET,314,megawatts
749,1990,TX,TOT,OOG,252,megawatts
750,1990,TX,TOT,OBM,10,megawatts
751,1990,TX,TOT,OT,373,megawatts
752,1990,TX,TOT,NUC,3651,megawatts
753,1990,TX,TOT,NG,44084,megawatts
754,1990,TX,TOT,HYC,640,megawatts
755,1990,TX,TOT,COL,18928,megawatts
756,1990,TX,IPP,ALL,7122,megawatts
757,1990,TX,IPP,WOO,132,megawatts
758,1990,TX,IPP,PET,258,megawatts
759,1990,TX,IPP,OOG,252,megawatts
760,1990,TX,IPP,OBM,10,megawatts
761,1990,TX,IPP,OT,70,megawatts
762,1990,TX,IPP,NG,6064,megawatts
763,1990,TX,IPP,COL,338,megawatts
764,1990,TX,EU,ALL,61261,megawatts
765,1990,TX,EU,COL,18590,megawatts
766,1990,TX,EU,HYC,640,megawatts
767,1990,TX,EU,NG,38020,megawatts
768,1990,TX,EU,NUC,3651,megawatts
769,1990,TX,EU,OT,303,megawatts
770,1990,TX,EU,PET,56,megawatts
771,1990,TX,EU,SOL,0,megawatts
