,period,duoarea,area-name,product,product-name,process,process-name,series,series-description,value,units
0,2022-12,STX,TEXAS,EPG0,Natural Gas,PEU,Electric Power Price,N3045TX3,Texas Natural Gas Price Sold to Electric Power Consumers (Dollars per Thousand Cubic Feet),5.34,$/MCF
1,2022-12,STX,TEXAS,EPG0,Natural Gas,PRS,Price Delivered to Residential Consumers,N3010TX3,Texas Price of Natural Gas Delivered to Residential Consumers (Dollars per Thousand Cubic Feet),16.01,$/MCF
2,2022-12,STX,TEXAS,EPG0,Natural Gas,VRX,Percent Sold to The Commercial Sector,NA1504_STX_4,Texas Natural Gas % of Total Residential - Sales (%),99.9,%
3,2022-12,STX,TEXAS,EPG0,Natural Gas,VFA,% of Industrial Consumers - Sales,N3035TX4,Percent of Industrial Natural Gas Deliveries in Texas Represented by the Price (%),28.6,%
4,2022-12,STX,TEXAS,EPG0,Natural Gas,VFC,Percent Sold to The Residential Consumers,N3020TX4,Percent of Commercial Natural Gas Deliveries in Texas Represented by the Price (%),75.9,%
5,2022-12,STX,TEXAS,EPG0,Natural Gas,PCS,Price Delivered to Commercial Sectors,N3020TX3,Texas Price of Natural Gas Sold to Commercial Consumers (Dollars per Thousand Cubic Feet),12.33,$/MCF
6,2022-12,STX,TEXAS,EPG0,Natural Gas,PG1,City Gate Price,N3050TX3,Natural Gas Citygate Price in Texas (Dollars per Thousand Cubic Feet),6.82,$/MCF
7,2022-12,STX,TEXAS,EPG0,Natural Gas,PIN,Industrial Price,N3035TX3,Texas Natural Gas Industrial Price (Dollars per Thousand Cubic Feet),6.52,$/MCF
8,2022-11,STX,TEXAS,EPG0,Natural Gas,PCS,Price Delivered to Commercial Sectors,N3020TX3,Texas Price of Natural Gas Sold to Commercial Consumers (Dollars per Thousand Cubic Feet),11.96,$/MCF
9,2022-11,STX,TEXAS,EPG0,Natural Gas,VFA,% of Industrial Consumers - Sales,N3035TX4,Percent of Industrial Natural Gas Deliveries in Texas Represented by the Price (%),29.8,%
10,2022-11,STX,TEXAS,EPG0,Natural Gas,VRX,Percent Sold to The Commercial Sector,NA1504_STX_4,Texas Natural Gas % of Total Residential - Sales (%),99.9,%
11,2022-11,STX,TEXAS,EPG0,Natural Gas,PIN,Industrial Price,N3035TX3,Texas Natural Gas Industrial Price (Dollars per Thousand Cubic Feet),5.04,$/MCF
12,2022-11,STX,TEXAS,EPG0,Natural Gas,PRS,Price Delivered to Residential Consumers,N3010TX3,Texas Price of Natural Gas Delivered to Residential Consumers (Dollars per Thousand Cubic Feet),17.1,$/MCF
13,2022-11,STX,TEXAS,EPG0,Natural Gas,VFC,Percent Sold to The Residential Consumers,N3020TX4,Percent of Commercial Natural Gas Deliveries in Texas Represented by the Price (%),73.0,%
14,2022-11,STX,TEXAS,EPG0,Natural Gas,PEU,Electric Power Price,N3045TX3,Texas Natural Gas Price Sold to Electric Power Consumers (Dollars per Thousand Cubic Feet),4.74,$/MCF
15,2022-11,STX,TEXAS,EPG0,Natural Gas,PG1,City Gate Price,N3050TX3,Natural Gas Citygate Price in Texas (Dollars per Thousand Cubic Feet),6.05,$/MCF
16,2022-10,STX,TEXAS,EPG0,Natural Gas,VRX,Percent Sold to The Commercial Sector,NA1504_STX_4,Texas Natural Gas % of Total Residential - Sales (%),99.8,%
17,2022-10,STX,TEXAS,EPG0,Natural Gas,PEU,Electric Power Price,N3045TX3,Texas Natural Gas Price Sold to Electric Power Consumers (Dollars per Thousand Cubic Feet),5.24,$/MCF
18,2022-10,STX,TEXAS,EPG0,Natural Gas,VFA,% of Industrial Consumers - Sales,N3035TX4,Percent of Industrial Natural Gas Deliveries in Texas Represented by the Price (%),29.3,%
19,2022-10,STX,TEXAS,EPG0,Natural Gas,VFC,Percent Sold to The Residential Consumers,N3020TX4,Percent of Commercial Natural Gas Deliveries in Texas Represented by the Price (%),65.4,%
20,2022-10,STX,TEXAS,EPG0,Natural Gas,PG1,City Gate Price,N3050TX3,Natural Gas Citygate Price in Texas (Dollars per Thousand Cubic Feet),6.34,$/MCF
21,2022-10,STX,TEXAS,EPG0,Natural Gas,PIN,Industrial Price,N3035TX3,Texas Natural Gas Industrial Price (Dollars per Thousand Cubic Feet),5.82,$/MCF
22,2022-10,STX,TEXAS,EPG0,Natural Gas,PRS,Price Delivered to Residential Consumers,N3010TX3,Texas Price of Natural Gas Delivered to Residential Consumers (Dollars per Thousand Cubic Feet),26.54,$/MCF
23,2022-10,STX,TEXAS,EPG0,Natural Gas,PCS,Price Delivered to Commercial Sectors,N3020TX3,Texas Price of Natural Gas Sold to Commercial Consumers (Dollars per Thousand Cubic Feet),14.02,$/MCF
24,2022-09,STX,TEXAS,EPG0,Natural Gas,VFA,% of Industrial Consumers - Sales,N3035TX4,Percent of Industrial Natural Gas Deliveries in Texas Represented by the Price (%),30.5,%
25,2022-09,STX,TEXAS,EPG0,Natural Gas,PG1,City Gate Price,N3050TX3,Natural Gas Citygate Price in Texas (Dollars per Thousand Cubic Feet),9.27,$/MCF
26,2022-09,STX,TEXAS,EPG0,Natural Gas,PRS,Price Delivered to Residential Consumers,N3010TX3,Texas Price of Natural Gas Delivered to Residential Consumers (Dollars per Thousand Cubic Feet),31.9,$/MCF
27,2022-09,STX,TEXAS,EPG0,Natural Gas,PCS,Price Delivered to Commercial Sectors,N3020TX3,Texas Price of Natural Gas Sold to Commercial Consumers (Dollars per Thousand Cubic Feet),15.15,$/MCF
28,2022-09,STX,TEXAS,EPG0,Natural Gas,PIN,Industrial Price,N3035TX3,Texas Natural Gas Industrial Price (Dollars per Thousand Cubic Feet),9.26,$/MCF
29,2022-09,STX,TEXAS,EPG0,Natural Gas,VRX,Percent Sold to The Commercial Sector,NA1504_STX_4,Texas Natural Gas % of Total Residential - Sales (%),99.1,%
30,2022-09,STX,TEXAS,EPG0,Natural Gas,PEU,Electric Power Price,N3045TX3,Texas Natural Gas Price Sold to Electric Power Consumers (Dollars per Thousand Cubic Feet),7.63,$/MCF
31,2022-09,STX,TEXAS,EPG0,Natural Gas,VFC,Percent Sold to The Residential Consumers,N3020TX4,Percent of Commercial Natural Gas Deliveries in Texas Represented by the Price (%),60.4,%
32,2022-08,STX,TEXAS,EPG0,Natural Gas,PCS,Price Delivered to Commercial Sectors,N3020TX3,Texas Price of Natural Gas Sold to Commercial Consumers (Dollars per Thousand Cubic Feet),14.93,$/MCF
33,2022-08,STX,TEXAS,EPG0,Natural Gas,PIN,Industrial Price,N3035TX3,Texas Natural Gas Industrial Price (Dollars per Thousand Cubic Feet),9.0,$/MCF
34,2022-08,STX,TEXAS,EPG0,Natural Gas,PEU,Electric Power Price,N3045TX3,Texas Natural Gas Price Sold to Electric Power Consumers (Dollars per Thousand Cubic Feet),8.52,$/MCF
35,2022-08,STX,TEXAS,EPG0,Natural Gas,PRS,Price Delivered to Residential Consumers,N3010TX3,Texas Price of Natural Gas Delivered to Residential Consumers (Dollars per Thousand Cubic Feet),33.69,$/MCF
36,2022-08,STX,TEXAS,EPG0,Natural Gas,PG1,City Gate Price,N3050TX3,Natural Gas Citygate Price in Texas (Dollars per Thousand Cubic Feet),10.07,$/MCF
37,2022-08,STX,TEXAS,EPG0,Natural Gas,VRX,Percent Sold to The Commercial Sector,NA1504_STX_4,Texas Natural Gas % of Total Residential - Sales (%),98.6,%
38,2022-08,STX,TEXAS,EPG0,Natural Gas,VFA,% of Industrial Consumers - Sales,N3035TX4,Percent of Industrial Natural Gas Deliveries in Texas Represented by the Price (%),30.1,%
39,2022-08,STX,TEXAS,EPG0,Natural Gas,VFC,Percent Sold to The Residential Consumers,N3020TX4,Percent of Commercial Natural Gas Deliveries in Texas Represented by the Price (%),60.2,%
40,2022-07,STX,TEXAS,EPG0,Natural Gas,PCS,Price Delivered to Commercial Sectors,N3020TX3,Texas Price of Natural Gas Sold to Commercial Consumers (Dollars per Thousand Cubic Feet),13.34,$/MCF
41,2022-07,STX,TEXAS,EPG0,Natural Gas,PEU,Electric Power Price,N3045TX3,Texas Natural Gas Price Sold to Electric Power Consumers (Dollars per Thousand Cubic Feet),7.12,$/MCF
42,2022-07,STX,TEXAS,EPG0,Natural Gas,VFA,% of Industrial Consumers - Sales,N3035TX4,Percent of Industrial Natural Gas Deliveries in Texas Represented by the Price (%),30.8,%
43,2022-07,STX,TEXAS,EPG0,Natural Gas,PG1,City Gate Price,N3050TX3,Natural Gas Citygate Price in Texas (Dollars per Thousand Cubic Feet),10.59,$/MCF
44,2022-07,STX,TEXAS,EPG0,Natural Gas,PIN,Industrial Price,N3035TX3,Texas Natural Gas Industrial Price (Dollars per Thousand Cubic Feet),7.18,$/MCF
45,2022-07,STX,TEXAS,EPG0,Natural Gas,VFC,Percent Sold to The Residential Consumers,N3020TX4,Percent of Commercial Natural Gas Deliveries in Texas Represented by the Price (%),62.2,%
46,2022-07,STX,TEXAS,EPG0,Natural Gas,VRX,Percent Sold to The Commercial Sector,NA1504_STX_4,Texas Natural Gas % of Total Residential - Sales (%),98.2,%
47,2022-07,STX,TEXAS,EPG0,Natural Gas,PRS,Price Delivered to Residential Consumers,N3010TX3,Texas Price of Natural Gas Delivered to Residential Consumers (Dollars per Thousand Cubic Feet),29.68,$/MCF
48,2022-06,STX,TEXAS,EPG0,Natural Gas,VFA,% of Industrial Consumers - Sales,N3035TX4,Percent of Industrial Natural Gas Deliveries in Texas Represented by the Price (%),30.7,%
49,2022-06,STX,TEXAS,EPG0,Natural Gas,PIN,Industrial Price,N3035TX3,Texas Natural Gas Industrial Price (Dollars per Thousand Cubic Feet),9.36,$/MCF
50,2022-06,STX,TEXAS,EPG0,Natural Gas,PRS,Price Delivered to Residential Consumers,N3010TX3,Texas Price of Natural Gas Delivered to Residential Consumers (Dollars per Thousand Cubic Feet),27.75,$/MCF
51,2022-06,STX,TEXAS,EPG0,Natural Gas,VFC,Percent Sold to The Residential Consumers,N3020TX4,Percent of Commercial Natural Gas Deliveries in Texas Represented by the Price (%),62.1,%
52,2022-06,STX,TEXAS,EPG0,Natural Gas,PEU,Electric Power Price,N3045TX3,Texas Natural Gas Price Sold to Electric Power Consumers (Dollars per Thousand Cubic Feet),7.61,$/MCF
53,2022-06,STX,TEXAS,EPG0,Natural Gas,PG1,City Gate Price,N3050TX3,Natural Gas Citygate Price in Texas (Dollars per Thousand Cubic Feet),9.7,$/MCF
54,2022-06,STX,TEXAS,EPG0,Natural Gas,PCS,Price Delivered to Commercial Sectors,N3020TX3,Texas Price of Natural Gas Sold to Commercial Consumers (Dollars per Thousand Cubic Feet),13.46,$/MCF
55,2022-06,STX,TEXAS,EPG0,Natural Gas,VRX,Percent Sold to The Commercial Sector,NA1504_STX_4,Texas Natural Gas % of Total Residential - Sales (%),99.0,%
56,2022-05,STX,TEXAS,EPG0,Natural Gas,PCS,Price Delivered to Commercial Sectors,N3020TX3,Texas Price of Natural Gas Sold to Commercial Consumers (Dollars per Thousand Cubic Feet),13.03,$/MCF
57,2022-05,STX,TEXAS,EPG0,Natural Gas,PIN,Industrial Price,N3035TX3,Texas Natural Gas Industrial Price (Dollars per Thousand Cubic Feet),7.91,$/MCF
58,2022-05,STX,TEXAS,EPG0,Natural Gas,PEU,Electric Power Price,N3045TX3,Texas Natural Gas Price Sold to Electric Power Consumers (Dollars per Thousand Cubic Feet),7.8,$/MCF
59,2022-05,STX,TEXAS,EPG0,Natural Gas,VFA,% of Industrial Consumers - Sales,N3035TX4,Percent of Industrial Natural Gas Deliveries in Texas Represented by the Price (%),30.4,%
60,2022-05,STX,TEXAS,EPG0,Natural Gas,VFC,Percent Sold to The Residential Consumers,N3020TX4,Percent of Commercial Natural Gas Deliveries in Texas Represented by the Price (%),64.5,%
61,2022-05,STX,TEXAS,EPG0,Natural Gas,PG1,City Gate Price,N3050TX3,Natural Gas Citygate Price in Texas (Dollars per Thousand Cubic Feet),8.58,$/MCF
62,2022-05,STX,TEXAS,EPG0,Natural Gas,PRS,Price Delivered to Residential Consumers,N3010TX3,Texas Price of Natural Gas Delivered to Residential Consumers (Dollars per Thousand Cubic Feet),25.12,$/MCF
63,2022-05,STX,TEXAS,EPG0,Natural Gas,VRX,Percent Sold to The Commercial Sector,NA1504_STX_4,Texas Natural Gas % of Total Residential - Sales (%),99.2,%
64,2022-04,STX,TEXAS,EPG0,Natural Gas,PRS,Price Delivered to Residential Consumers,N3010TX3,Texas Price of Natural Gas Delivered to Residential Consumers (Dollars per Thousand Cubic Feet),17.42,$/MCF
65,2022-04,STX,TEXAS,EPG0,Natural Gas,PEU,Electric Power Price,N3045TX3,Texas Natural Gas Price Sold to Electric Power Consumers (Dollars per Thousand Cubic Feet),6.3,$/MCF
66,2022-04,STX,TEXAS,EPG0,Natural Gas,PCS,Price Delivered to Commercial Sectors,N3020TX3,Texas Price of Natural Gas Sold to Commercial Consumers (Dollars per Thousand Cubic Feet),11.41,$/MCF
67,2022-04,STX,TEXAS,EPG0,Natural Gas,VRX,Percent Sold to The Commercial Sector,NA1504_STX_4,Texas Natural Gas % of Total Residential - Sales (%),99.6,%
68,2022-04,STX,TEXAS,EPG0,Natural Gas,VFA,% of Industrial Consumers - Sales,N3035TX4,Percent of Industrial Natural Gas Deliveries in Texas Represented by the Price (%),31.2,%
69,2022-04,STX,TEXAS,EPG0,Natural Gas,PG1,City Gate Price,N3050TX3,Natural Gas Citygate Price in Texas (Dollars per Thousand Cubic Feet),6.89,$/MCF
70,2022-04,STX,TEXAS,EPG0,Natural Gas,PIN,Industrial Price,N3035TX3,Texas Natural Gas Industrial Price (Dollars per Thousand Cubic Feet),6.03,$/MCF
71,2022-04,STX,TEXAS,EPG0,Natural Gas,VFC,Percent Sold to The Residential Consumers,N3020TX4,Percent of Commercial Natural Gas Deliveries in Texas Represented by the Price (%),67.8,%
72,2022-03,STX,TEXAS,EPG0,Natural Gas,PRS,Price Delivered to Residential Consumers,N3010TX3,Texas Price of Natural Gas Delivered to Residential Consumers (Dollars per Thousand Cubic Feet),13.07,$/MCF
73,2022-03,STX,TEXAS,EPG0,Natural Gas,PG1,City Gate Price,N3050TX3,Natural Gas Citygate Price in Texas (Dollars per Thousand Cubic Feet),5.28,$/MCF
74,2022-03,STX,TEXAS,EPG0,Natural Gas,VRX,Percent Sold to The Commercial Sector,NA1504_STX_4,Texas Natural Gas % of Total Residential - Sales (%),99.9,%
75,2022-03,STX,TEXAS,EPG0,Natural Gas,VFA,% of Industrial Consumers - Sales,N3035TX4,Percent of Industrial Natural Gas Deliveries in Texas Represented by the Price (%),30.2,%
76,2022-03,STX,TEXAS,EPG0,Natural Gas,VFC,Percent Sold to The Residential Consumers,N3020TX4,Percent of Commercial Natural Gas Deliveries in Texas Represented by the Price (%),74.2,%
77,2022-03,STX,TEXAS,EPG0,Natural Gas,PIN,Industrial Price,N3035TX3,Texas Natural Gas Industrial Price (Dollars per Thousand Cubic Feet),4.91,$/MCF
78,2022-03,STX,TEXAS,EPG0,Natural Gas,PCS,Price Delivered to Commercial Sectors,N3020TX3,Texas Price of Natural Gas Sold to Commercial Consumers (Dollars per Thousand Cubic Feet),10.11,$/MCF
79,2022-03,STX,TEXAS,EPG0,Natural Gas,PEU,Electric Power Price,N3045TX3,Texas Natural Gas Price Sold to Electric Power Consumers (Dollars per Thousand Cubic Feet),4.93,$/MCF
80,2022-02,STX,TEXAS,EPG0,Natural Gas,PEU,Electric Power Price,N3045TX3,Texas Natural Gas Price Sold to Electric Power Consumers (Dollars per Thousand Cubic Feet),5.49,$/MCF
81,2022-02,STX,TEXAS,EPG0,Natural Gas,VFC,Percent Sold to The Residential Consumers,N3020TX4,Percent of Commercial Natural Gas Deliveries in Texas Represented by the Price (%),78.0,%
82,2022-02,STX,TEXAS,EPG0,Natural Gas,PG1,City Gate Price,N3050TX3,Natural Gas Citygate Price in Texas (Dollars per Thousand Cubic Feet),5.48,$/MCF
83,2022-02,STX,TEXAS,EPG0,Natural Gas,PRS,Price Delivered to Residential Consumers,N3010TX3,Texas Price of Natural Gas Delivered to Residential Consumers (Dollars per Thousand Cubic Feet),11.98,$/MCF
84,2022-02,STX,TEXAS,EPG0,Natural Gas,PCS,Price Delivered to Commercial Sectors,N3020TX3,Texas Price of Natural Gas Sold to Commercial Consumers (Dollars per Thousand Cubic Feet),9.62,$/MCF
85,2022-02,STX,TEXAS,EPG0,Natural Gas,VRX,Percent Sold to The Commercial Sector,NA1504_STX_4,Texas Natural Gas % of Total Residential - Sales (%),99.9,%
86,2022-02,STX,TEXAS,EPG0,Natural Gas,PIN,Industrial Price,N3035TX3,Texas Natural Gas Industrial Price (Dollars per Thousand Cubic Feet),6.62,$/MCF
87,2022-02,STX,TEXAS,EPG0,Natural Gas,VFA,% of Industrial Consumers - Sales,N3035TX4,Percent of Industrial Natural Gas Deliveries in Texas Represented by the Price (%),27.6,%
88,2022-01,STX,TEXAS,EPG0,Natural Gas,PEU,Electric Power Price,N3045TX3,Texas Natural Gas Price Sold to Electric Power Consumers (Dollars per Thousand Cubic Feet),4.47,$/MCF
89,2022-01,STX,TEXAS,EPG0,Natural Gas,PG1,City Gate Price,N3050TX3,Natural Gas Citygate Price in Texas (Dollars per Thousand Cubic Feet),5.1,$/MCF
90,2022-01,STX,TEXAS,EPG0,Natural Gas,PRS,Price Delivered to Residential Consumers,N3010TX3,Texas Price of Natural Gas Delivered to Residential Consumers (Dollars per Thousand Cubic Feet),,$/MCF
91,2022-01,STX,TEXAS,EPG0,Natural Gas,PCS,Price Delivered to Commercial Sectors,N3020TX3,Texas Price of Natural Gas Sold to Commercial Consumers (Dollars per Thousand Cubic Feet),9.29,$/MCF
92,2022-01,STX,TEXAS,EPG0,Natural Gas,PIN,Industrial Price,N3035TX3,Texas Natural Gas Industrial Price (Dollars per Thousand Cubic Feet),5.12,$/MCF
93,2022-01,STX,TEXAS,EPG0,Natural Gas,VRX,Percent Sold to The Commercial Sector,NA1504_STX_4,Texas Natural Gas % of Total Residential - Sales (%),,%
94,2022-01,STX,TEXAS,EPG0,Natural Gas,VFA,% of Industrial Consumers - Sales,N3035TX4,Percent of Industrial Natural Gas Deliveries in Texas Represented by the Price (%),27.1,%
95,2022-01,STX,TEXAS,EPG0,Natural Gas,VFC,Percent Sold to The Residential Consumers,N3020TX4,Percent of Commercial Natural Gas Deliveries in Texas Represented by the Price (%),79.4,%
96,2021-12,STX,TEXAS,EPG0,Natural Gas,VRX,Percent Sold to The Commercial Sector,NA1504_STX_4,Texas Natural Gas % of Total Residential - Sales (%),99.9,%
97,2021-12,STX,TEXAS,EPG0,Natural Gas,VFC,Percent Sold to The Residential Consumers,N3020TX4,Percent of Commercial Natural Gas Deliveries in Texas Represented by the Price (%),72.3,%
98,2021-12,STX,TEXAS,EPG0,Natural Gas,VFA,% of Industrial Consumers - Sales,N3035TX4,Percent of Industrial Natural Gas Deliveries in Texas Represented by the Price (%),29.8,%
99,2021-12,STX,TEXAS,EPG0,Natural Gas,PRS,Price Delivered to Residential Consumers,N3010TX3,Texas Price of Natural Gas Delivered to Residential Consumers (Dollars per Thousand Cubic Feet),19.1,$/MCF
100,2021-12,STX,TEXAS,EPG0,Natural Gas,PCS,Price Delivered to Commercial Sectors,N3020TX3,Texas Price of Natural Gas Sold to Commercial Consumers (Dollars per Thousand Cubic Feet),10.24,$/MCF
101,2021-12,STX,TEXAS,EPG0,Natural Gas,PEU,Electric Power Price,N3045TX3,Texas Natural Gas Price Sold to Electric Power Consumers (Dollars per Thousand Cubic Feet),4.28,$/MCF
102,2021-12,STX,TEXAS,EPG0,Natural Gas,PG1,City Gate Price,N3050TX3,Natural Gas Citygate Price in Texas (Dollars per Thousand Cubic Feet),7.11,$/MCF
103,2021-12,STX,TEXAS,EPG0,Natural Gas,PIN,Industrial Price,N3035TX3,Texas Natural Gas Industrial Price (Dollars per Thousand Cubic Feet),5.69,$/MCF
104,2021-11,STX,TEXAS,EPG0,Natural Gas,PEU,Electric Power Price,N3045TX3,Texas Natural Gas Price Sold to Electric Power Consumers (Dollars per Thousand Cubic Feet),5.33,$/MCF
105,2021-11,STX,TEXAS,EPG0,Natural Gas,PIN,Industrial Price,N3035TX3,Texas Natural Gas Industrial Price (Dollars per Thousand Cubic Feet),6.33,$/MCF
106,2021-11,STX,TEXAS,EPG0,Natural Gas,PG1,City Gate Price,N3050TX3,Natural Gas Citygate Price in Texas (Dollars per Thousand Cubic Feet),6.66,$/MCF
107,2021-11,STX,TEXAS,EPG0,Natural Gas,PCS,Price Delivered to Commercial Sectors,N3020TX3,Texas Price of Natural Gas Sold to Commercial Consumers (Dollars per Thousand Cubic Feet),10.54,$/MCF
108,2021-11,STX,TEXAS,EPG0,Natural Gas,VFA,% of Industrial Consumers - Sales,N3035TX4,Percent of Industrial Natural Gas Deliveries in Texas Represented by the Price (%),30.7,%
109,2021-11,STX,TEXAS,EPG0,Natural Gas,PRS,Price Delivered to Residential Consumers,N3010TX3,Texas Price of Natural Gas Delivered to Residential Consumers (Dollars per Thousand Cubic Feet),16.16,$/MCF
110,2021-11,STX,TEXAS,EPG0,Natural Gas,VRX,Percent Sold to The Commercial Sector,NA1504_STX_4,Texas Natural Gas % of Total Residential - Sales (%),99.7,%
111,2021-11,STX,TEXAS,EPG0,Natural Gas,VFC,Percent Sold to The Residential Consumers,N3020TX4,Percent of Commercial Natural Gas Deliveries in Texas Represented by the Price (%),69.1,%
112,2021-10,STX,TEXAS,EPG0,Natural Gas,PG1,City Gate Price,N3050TX3,Natural Gas Citygate Price in Texas (Dollars per Thousand Cubic Feet),6.76,$/MCF
113,2021-10,STX,TEXAS,EPG0,Natural Gas,PIN,Industrial Price,N3035TX3,Texas Natural Gas Industrial Price (Dollars per Thousand Cubic Feet),6.24,$/MCF
114,2021-10,STX,TEXAS,EPG0,Natural Gas,VFC,Percent Sold to The Residential Consumers,N3020TX4,Percent of Commercial Natural Gas Deliveries in Texas Represented by the Price (%),61.7,%
115,2021-10,STX,TEXAS,EPG0,Natural Gas,VRX,Percent Sold to The Commercial Sector,NA1504_STX_4,Texas Natural Gas % of Total Residential - Sales (%),99.8,%
116,2021-10,STX,TEXAS,EPG0,Natural Gas,PCS,Price Delivered to Commercial Sectors,N3020TX3,Texas Price of Natural Gas Sold to Commercial Consumers (Dollars per Thousand Cubic Feet),10.96,$/MCF
117,2021-10,STX,TEXAS,EPG0,Natural Gas,PRS,Price Delivered to Residential Consumers,N3010TX3,Texas Price of Natural Gas Delivered to Residential Consumers (Dollars per Thousand Cubic Feet),23.29,$/MCF
118,2021-10,STX,TEXAS,EPG0,Natural Gas,VFA,% of Industrial Consumers - Sales,N3035TX4,Percent of Industrial Natural Gas Deliveries in Texas Represented by the Price (%),32.7,%
119,2021-10,STX,TEXAS,EPG0,Natural Gas,PEU,Electric Power Price,N3045TX3,Texas Natural Gas Price Sold to Electric Power Consumers (Dollars per Thousand Cubic Feet),5.46,$/MCF
120,2021-09,STX,TEXAS,EPG0,Natural Gas,VRX,Percent Sold to The Commercial Sector,NA1504_STX_4,Texas Natural Gas % of Total Residential - Sales (%),99.2,%
121,2021-09,STX,TEXAS,EPG0,Natural Gas,PG1,City Gate Price,N3050TX3,Natural Gas Citygate Price in Texas (Dollars per Thousand Cubic Feet),5.47,$/MCF
122,2021-09,STX,TEXAS,EPG0,Natural Gas,PRS,Price Delivered to Residential Consumers,N3010TX3,Texas Price of Natural Gas Delivered to Residential Consumers (Dollars per Thousand Cubic Feet),24.87,$/MCF
123,2021-09,STX,TEXAS,EPG0,Natural Gas,PEU,Electric Power Price,N3045TX3,Texas Natural Gas Price Sold to Electric Power Consumers (Dollars per Thousand Cubic Feet),5.06,$/MCF
124,2021-09,STX,TEXAS,EPG0,Natural Gas,PIN,Industrial Price,N3035TX3,Texas Natural Gas Industrial Price (Dollars per Thousand Cubic Feet),4.91,$/MCF
125,2021-09,STX,TEXAS,EPG0,Natural Gas,VFA,% of Industrial Consumers - Sales,N3035TX4,Percent of Industrial Natural Gas Deliveries in Texas Represented by the Price (%),31.7,%
126,2021-09,STX,TEXAS,EPG0,Natural Gas,PCS,Price Delivered to Commercial Sectors,N3020TX3,Texas Price of Natural Gas Sold to Commercial Consumers (Dollars per Thousand Cubic Feet),10.19,$/MCF
127,2021-09,STX,TEXAS,EPG0,Natural Gas,VFC,Percent Sold to The Residential Consumers,N3020TX4,Percent of Commercial Natural Gas Deliveries in Texas Represented by the Price (%),61.7,%
128,2021-08,STX,TEXAS,EPG0,Natural Gas,PG1,City Gate Price,N3050TX3,Natural Gas Citygate Price in Texas (Dollars per Thousand Cubic Feet),4.4,$/MCF
129,2021-08,STX,TEXAS,EPG0,Natural Gas,PCS,Price Delivered to Commercial Sectors,N3020TX3,Texas Price of Natural Gas Sold to Commercial Consumers (Dollars per Thousand Cubic Feet),9.8,$/MCF
130,2021-08,STX,TEXAS,EPG0,Natural Gas,PIN,Industrial Price,N3035TX3,Texas Natural Gas Industrial Price (Dollars per Thousand Cubic Feet),4.49,$/MCF
131,2021-08,STX,TEXAS,EPG0,Natural Gas,VFA,% of Industrial Consumers - Sales,N3035TX4,Percent of Industrial Natural Gas Deliveries in Texas Represented by the Price (%),31.2,%
132,2021-08,STX,TEXAS,EPG0,Natural Gas,PEU,Electric Power Price,N3045TX3,Texas Natural Gas Price Sold to Electric Power Consumers (Dollars per Thousand Cubic Feet),4.21,$/MCF
133,2021-08,STX,TEXAS,EPG0,Natural Gas,VFC,Percent Sold to The Residential Consumers,N3020TX4,Percent of Commercial Natural Gas Deliveries in Texas Represented by the Price (%),61.6,%
134,2021-08,STX,TEXAS,EPG0,Natural Gas,VRX,Percent Sold to The Commercial Sector,NA1504_STX_4,Texas Natural Gas % of Total Residential - Sales (%),98.3,%
135,2021-08,STX,TEXAS,EPG0,Natural Gas,PRS,Price Delivered to Residential Consumers,N3010TX3,Texas Price of Natural Gas Delivered to Residential Consumers (Dollars per Thousand Cubic Feet),24.58,$/MCF
136,2021-07,STX,TEXAS,EPG0,Natural Gas,PCS,Price Delivered to Commercial Sectors,N3020TX3,Texas Price of Natural Gas Sold to Commercial Consumers (Dollars per Thousand Cubic Feet),9.22,$/MCF
137,2021-07,STX,TEXAS,EPG0,Natural Gas,PRS,Price Delivered to Residential Consumers,N3010TX3,Texas Price of Natural Gas Delivered to Residential Consumers (Dollars per Thousand Cubic Feet),22.56,$/MCF
138,2021-07,STX,TEXAS,EPG0,Natural Gas,PEU,Electric Power Price,N3045TX3,Texas Natural Gas Price Sold to Electric Power Consumers (Dollars per Thousand Cubic Feet),3.97,$/MCF
139,2021-07,STX,TEXAS,EPG0,Natural Gas,PIN,Industrial Price,N3035TX3,Texas Natural Gas Industrial Price (Dollars per Thousand Cubic Feet),4.13,$/MCF
140,2021-07,STX,TEXAS,EPG0,Natural Gas,VFA,% of Industrial Consumers - Sales,N3035TX4,Percent of Industrial Natural Gas Deliveries in Texas Represented by the Price (%),32.0,%
141,2021-07,STX,TEXAS,EPG0,Natural Gas,VFC,Percent Sold to The Residential Consumers,N3020TX4,Percent of Commercial Natural Gas Deliveries in Texas Represented by the Price (%),62.7,%
142,2021-07,STX,TEXAS,EPG0,Natural Gas,VRX,Percent Sold to The Commercial Sector,NA1504_STX_4,Texas Natural Gas % of Total Residential - Sales (%),98.9,%
143,2021-07,STX,TEXAS,EPG0,Natural Gas,PG1,City Gate Price,N3050TX3,Natural Gas Citygate Price in Texas (Dollars per Thousand Cubic Feet),4.29,$/MCF
144,2021-06,STX,TEXAS,EPG0,Natural Gas,PG1,City Gate Price,N3050TX3,Natural Gas Citygate Price in Texas (Dollars per Thousand Cubic Feet),3.36,$/MCF
145,2021-06,STX,TEXAS,EPG0,Natural Gas,VFC,Percent Sold to The Residential Consumers,N3020TX4,Percent of Commercial Natural Gas Deliveries in Texas Represented by the Price (%),65.0,%
146,2021-06,STX,TEXAS,EPG0,Natural Gas,PRS,Price Delivered to Residential Consumers,N3010TX3,Texas Price of Natural Gas Delivered to Residential Consumers (Dollars per Thousand Cubic Feet),20.36,$/MCF
147,2021-06,STX,TEXAS,EPG0,Natural Gas,PIN,Industrial Price,N3035TX3,Texas Natural Gas Industrial Price (Dollars per Thousand Cubic Feet),3.52,$/MCF
148,2021-06,STX,TEXAS,EPG0,Natural Gas,PCS,Price Delivered to Commercial Sectors,N3020TX3,Texas Price of Natural Gas Sold to Commercial Consumers (Dollars per Thousand Cubic Feet),8.78,$/MCF
149,2021-06,STX,TEXAS,EPG0,Natural Gas,VRX,Percent Sold to The Commercial Sector,NA1504_STX_4,Texas Natural Gas % of Total Residential - Sales (%),99.3,%
150,2021-06,STX,TEXAS,EPG0,Natural Gas,VFA,% of Industrial Consumers - Sales,N3035TX4,Percent of Industrial Natural Gas Deliveries in Texas Represented by the Price (%),32.2,%
151,2021-06,STX,TEXAS,EPG0,Natural Gas,PEU,Electric Power Price,N3045TX3,Texas Natural Gas Price Sold to Electric Power Consumers (Dollars per Thousand Cubic Feet),3.42,$/MCF
152,2021-05,STX,TEXAS,EPG0,Natural Gas,VFA,% of Industrial Consumers - Sales,N3035TX4,Percent of Industrial Natural Gas Deliveries in Texas Represented by the Price (%),31.9,%
153,2021-05,STX,TEXAS,EPG0,Natural Gas,PIN,Industrial Price,N3035TX3,Texas Natural Gas Industrial Price (Dollars per Thousand Cubic Feet),3.38,$/MCF
154,2021-05,STX,TEXAS,EPG0,Natural Gas,VFC,Percent Sold to The Residential Consumers,N3020TX4,Percent of Commercial Natural Gas Deliveries in Texas Represented by the Price (%),61.4,%
155,2021-05,STX,TEXAS,EPG0,Natural Gas,VRX,Percent Sold to The Commercial Sector,NA1504_STX_4,Texas Natural Gas % of Total Residential - Sales (%),99.6,%
156,2021-05,STX,TEXAS,EPG0,Natural Gas,PEU,Electric Power Price,N3045TX3,Texas Natural Gas Price Sold to Electric Power Consumers (Dollars per Thousand Cubic Feet),3.23,$/MCF
157,2021-05,STX,TEXAS,EPG0,Natural Gas,PG1,City Gate Price,N3050TX3,Natural Gas Citygate Price in Texas (Dollars per Thousand Cubic Feet),3.56,$/MCF
158,2021-05,STX,TEXAS,EPG0,Natural Gas,PRS,Price Delivered to Residential Consumers,N3010TX3,Texas Price of Natural Gas Delivered to Residential Consumers (Dollars per Thousand Cubic Feet),17.01,$/MCF
159,2021-05,STX,TEXAS,EPG0,Natural Gas,PCS,Price Delivered to Commercial Sectors,N3020TX3,Texas Price of Natural Gas Sold to Commercial Consumers (Dollars per Thousand Cubic Feet),8.7,$/MCF
160,2021-04,STX,TEXAS,EPG0,Natural Gas,PCS,Price Delivered to Commercial Sectors,N3020TX3,Texas Price of Natural Gas Sold to Commercial Consumers (Dollars per Thousand Cubic Feet),7.87,$/MCF
161,2021-04,STX,TEXAS,EPG0,Natural Gas,VFA,% of Industrial Consumers - Sales,N3035TX4,Percent of Industrial Natural Gas Deliveries in Texas Represented by the Price (%),33.1,%
162,2021-04,STX,TEXAS,EPG0,Natural Gas,PG1,City Gate Price,N3050TX3,Natural Gas Citygate Price in Texas (Dollars per Thousand Cubic Feet),3.69,$/MCF
163,2021-04,STX,TEXAS,EPG0,Natural Gas,VRX,Percent Sold to The Commercial Sector,NA1504_STX_4,Texas Natural Gas % of Total Residential - Sales (%),99.7,%
164,2021-04,STX,TEXAS,EPG0,Natural Gas,PIN,Industrial Price,N3035TX3,Texas Natural Gas Industrial Price (Dollars per Thousand Cubic Feet),2.93,$/MCF
165,2021-04,STX,TEXAS,EPG0,Natural Gas,PRS,Price Delivered to Residential Consumers,N3010TX3,Texas Price of Natural Gas Delivered to Residential Consumers (Dollars per Thousand Cubic Feet),14.45,$/MCF
166,2021-04,STX,TEXAS,EPG0,Natural Gas,VFC,Percent Sold to The Residential Consumers,N3020TX4,Percent of Commercial Natural Gas Deliveries in Texas Represented by the Price (%),69.6,%
167,2021-04,STX,TEXAS,EPG0,Natural Gas,PEU,Electric Power Price,N3045TX3,Texas Natural Gas Price Sold to Electric Power Consumers (Dollars per Thousand Cubic Feet),3.0,$/MCF
168,2021-03,STX,TEXAS,EPG0,Natural Gas,VFA,% of Industrial Consumers - Sales,N3035TX4,Percent of Industrial Natural Gas Deliveries in Texas Represented by the Price (%),32.7,%
169,2021-03,STX,TEXAS,EPG0,Natural Gas,PIN,Industrial Price,N3035TX3,Texas Natural Gas Industrial Price (Dollars per Thousand Cubic Feet),3.12,$/MCF
170,2021-03,STX,TEXAS,EPG0,Natural Gas,VRX,Percent Sold to The Commercial Sector,NA1504_STX_4,Texas Natural Gas % of Total Residential - Sales (%),99.9,%
171,2021-03,STX,TEXAS,EPG0,Natural Gas,PCS,Price Delivered to Commercial Sectors,N3020TX3,Texas Price of Natural Gas Sold to Commercial Consumers (Dollars per Thousand Cubic Feet),7.17,$/MCF
172,2021-03,STX,TEXAS,EPG0,Natural Gas,PRS,Price Delivered to Residential Consumers,N3010TX3,Texas Price of Natural Gas Delivered to Residential Consumers (Dollars per Thousand Cubic Feet),9.64,$/MCF
173,2021-03,STX,TEXAS,EPG0,Natural Gas,PEU,Electric Power Price,N3045TX3,Texas Natural Gas Price Sold to Electric Power Consumers (Dollars per Thousand Cubic Feet),2.92,$/MCF
174,2021-03,STX,TEXAS,EPG0,Natural Gas,VFC,Percent Sold to The Residential Consumers,N3020TX4,Percent of Commercial Natural Gas Deliveries in Texas Represented by the Price (%),75.7,%
175,2021-03,STX,TEXAS,EPG0,Natural Gas,PG1,City Gate Price,N3050TX3,Natural Gas Citygate Price in Texas (Dollars per Thousand Cubic Feet),4.56,$/MCF
176,2021-02,STX,TEXAS,EPG0,Natural Gas,PCS,Price Delivered to Commercial Sectors,N3020TX3,Texas Price of Natural Gas Sold to Commercial Consumers (Dollars per Thousand Cubic Feet),6.73,$/MCF
177,2021-02,STX,TEXAS,EPG0,Natural Gas,PIN,Industrial Price,N3035TX3,Texas Natural Gas Industrial Price (Dollars per Thousand Cubic Feet),16.14,$/MCF
178,2021-02,STX,TEXAS,EPG0,Natural Gas,PEU,Electric Power Price,N3045TX3,Texas Natural Gas Price Sold to Electric Power Consumers (Dollars per Thousand Cubic Feet),56.59,$/MCF
179,2021-02,STX,TEXAS,EPG0,Natural Gas,PG1,City Gate Price,N3050TX3,Natural Gas Citygate Price in Texas (Dollars per Thousand Cubic Feet),40.67,$/MCF
180,2021-02,STX,TEXAS,EPG0,Natural Gas,PRS,Price Delivered to Residential Consumers,N3010TX3,Texas Price of Natural Gas Delivered to Residential Consumers (Dollars per Thousand Cubic Feet),8.89,$/MCF
181,2021-02,STX,TEXAS,EPG0,Natural Gas,VFA,% of Industrial Consumers - Sales,N3035TX4,Percent of Industrial Natural Gas Deliveries in Texas Represented by the Price (%),24.3,%
182,2021-02,STX,TEXAS,EPG0,Natural Gas,VFC,Percent Sold to The Residential Consumers,N3020TX4,Percent of Commercial Natural Gas Deliveries in Texas Represented by the Price (%),77.9,%
183,2021-02,STX,TEXAS,EPG0,Natural Gas,VRX,Percent Sold to The Commercial Sector,NA1504_STX_4,Texas Natural Gas % of Total Residential - Sales (%),99.9,%
184,2021-01,STX,TEXAS,EPG0,Natural Gas,PEU,Electric Power Price,N3045TX3,Texas Natural Gas Price Sold to Electric Power Consumers (Dollars per Thousand Cubic Feet),2.79,$/MCF
185,2021-01,STX,TEXAS,EPG0,Natural Gas,VFC,Percent Sold to The Residential Consumers,N3020TX4,Percent of Commercial Natural Gas Deliveries in Texas Represented by the Price (%),81.9,%
186,2021-01,STX,TEXAS,EPG0,Natural Gas,VRX,Percent Sold to The Commercial Sector,NA1504_STX_4,Texas Natural Gas % of Total Residential - Sales (%),100.0,%
187,2021-01,STX,TEXAS,EPG0,Natural Gas,PCS,Price Delivered to Commercial Sectors,N3020TX3,Texas Price of Natural Gas Sold to Commercial Consumers (Dollars per Thousand Cubic Feet),7.11,$/MCF
188,2021-01,STX,TEXAS,EPG0,Natural Gas,PRS,Price Delivered to Residential Consumers,N3010TX3,Texas Price of Natural Gas Delivered to Residential Consumers (Dollars per Thousand Cubic Feet),10.99,$/MCF
189,2021-01,STX,TEXAS,EPG0,Natural Gas,VFA,% of Industrial Consumers - Sales,N3035TX4,Percent of Industrial Natural Gas Deliveries in Texas Represented by the Price (%),30.3,%
190,2021-01,STX,TEXAS,EPG0,Natural Gas,PG1,City Gate Price,N3050TX3,Natural Gas Citygate Price in Texas (Dollars per Thousand Cubic Feet),3.02,$/MCF
191,2021-01,STX,TEXAS,EPG0,Natural Gas,PIN,Industrial Price,N3035TX3,Texas Natural Gas Industrial Price (Dollars per Thousand Cubic Feet),2.82,$/MCF
192,2020-12,STX,TEXAS,EPG0,Natural Gas,VRX,Percent Sold to The Commercial Sector,NA1504_STX_4,Texas Natural Gas % of Total Residential - Sales (%),99.9,%
193,2020-12,STX,TEXAS,EPG0,Natural Gas,VFA,% of Industrial Consumers - Sales,N3035TX4,Percent of Industrial Natural Gas Deliveries in Texas Represented by the Price (%),32.8,%
194,2020-12,STX,TEXAS,EPG0,Natural Gas,PCS,Price Delivered to Commercial Sectors,N3020TX3,Texas Price of Natural Gas Sold to Commercial Consumers (Dollars per Thousand Cubic Feet),6.89,$/MCF
195,2020-12,STX,TEXAS,EPG0,Natural Gas,PRS,Price Delivered to Residential Consumers,N3010TX3,Texas Price of Natural Gas Delivered to Residential Consumers (Dollars per Thousand Cubic Feet),10.33,$/MCF
196,2020-12,STX,TEXAS,EPG0,Natural Gas,PEU,Electric Power Price,N3045TX3,Texas Natural Gas Price Sold to Electric Power Consumers (Dollars per Thousand Cubic Feet),2.82,$/MCF
197,2020-12,STX,TEXAS,EPG0,Natural Gas,VFC,Percent Sold to The Residential Consumers,N3020TX4,Percent of Commercial Natural Gas Deliveries in Texas Represented by the Price (%),77.6,%
198,2020-12,STX,TEXAS,EPG0,Natural Gas,PIN,Industrial Price,N3035TX3,Texas Natural Gas Industrial Price (Dollars per Thousand Cubic Feet),3.03,$/MCF
199,2020-12,STX,TEXAS,EPG0,Natural Gas,PG1,City Gate Price,N3050TX3,Natural Gas Citygate Price in Texas (Dollars per Thousand Cubic Feet),3.15,$/MCF
200,2020-11,STX,TEXAS,EPG0,Natural Gas,PIN,Industrial Price,N3035TX3,Texas Natural Gas Industrial Price (Dollars per Thousand Cubic Feet),3.12,$/MCF
201,2020-11,STX,TEXAS,EPG0,Natural Gas,PG1,City Gate Price,N3050TX3,Natural Gas Citygate Price in Texas (Dollars per Thousand Cubic Feet),3.18,$/MCF
202,2020-11,STX,TEXAS,EPG0,Natural Gas,PRS,Price Delivered to Residential Consumers,N3010TX3,Texas Price of Natural Gas Delivered to Residential Consumers (Dollars per Thousand Cubic Feet),14.02,$/MCF
203,2020-11,STX,TEXAS,EPG0,Natural Gas,VRX,Percent Sold to The Commercial Sector,NA1504_STX_4,Texas Natural Gas % of Total Residential - Sales (%),99.9,%
204,2020-11,STX,TEXAS,EPG0,Natural Gas,PCS,Price Delivered to Commercial Sectors,N3020TX3,Texas Price of Natural Gas Sold to Commercial Consumers (Dollars per Thousand Cubic Feet),7.71,$/MCF
205,2020-11,STX,TEXAS,EPG0,Natural Gas,VFC,Percent Sold to The Residential Consumers,N3020TX4,Percent of Commercial Natural Gas Deliveries in Texas Represented by the Price (%),67.5,%
206,2020-11,STX,TEXAS,EPG0,Natural Gas,VFA,% of Industrial Consumers - Sales,N3035TX4,Percent of Industrial Natural Gas Deliveries in Texas Represented by the Price (%),31.9,%
207,2020-11,STX,TEXAS,EPG0,Natural Gas,PEU,Electric Power Price,N3045TX3,Texas Natural Gas Price Sold to Electric Power Consumers (Dollars per Thousand Cubic Feet),2.79,$/MCF
208,2020-10,STX,TEXAS,EPG0,Natural Gas,PCS,Price Delivered to Commercial Sectors,N3020TX3,Texas Price of Natural Gas Sold to Commercial Consumers (Dollars per Thousand Cubic Feet),7.18,$/MCF
209,2020-10,STX,TEXAS,EPG0,Natural Gas,PG1,City Gate Price,N3050TX3,Natural Gas Citygate Price in Texas (Dollars per Thousand Cubic Feet),2.58,$/MCF
210,2020-10,STX,TEXAS,EPG0,Natural Gas,PIN,Industrial Price,N3035TX3,Texas Natural Gas Industrial Price (Dollars per Thousand Cubic Feet),2.49,$/MCF
211,2020-10,STX,TEXAS,EPG0,Natural Gas,VRX,Percent Sold to The Commercial Sector,NA1504_STX_4,Texas Natural Gas % of Total Residential - Sales (%),99.8,%
212,2020-10,STX,TEXAS,EPG0,Natural Gas,PRS,Price Delivered to Residential Consumers,N3010TX3,Texas Price of Natural Gas Delivered to Residential Consumers (Dollars per Thousand Cubic Feet),15.79,$/MCF
213,2020-10,STX,TEXAS,EPG0,Natural Gas,VFC,Percent Sold to The Residential Consumers,N3020TX4,Percent of Commercial Natural Gas Deliveries in Texas Represented by the Price (%),68.2,%
214,2020-10,STX,TEXAS,EPG0,Natural Gas,PEU,Electric Power Price,N3045TX3,Texas Natural Gas Price Sold to Electric Power Consumers (Dollars per Thousand Cubic Feet),2.41,$/MCF
215,2020-10,STX,TEXAS,EPG0,Natural Gas,VFA,% of Industrial Consumers - Sales,N3035TX4,Percent of Industrial Natural Gas Deliveries in Texas Represented by the Price (%),32.0,%
216,2020-09,STX,TEXAS,EPG0,Natural Gas,PCS,Price Delivered to Commercial Sectors,N3020TX3,Texas Price of Natural Gas Sold to Commercial Consumers (Dollars per Thousand Cubic Feet),8.11,$/MCF
217,2020-09,STX,TEXAS,EPG0,Natural Gas,VRX,Percent Sold to The Commercial Sector,NA1504_STX_4,Texas Natural Gas % of Total Residential - Sales (%),99.3,%
218,2020-09,STX,TEXAS,EPG0,Natural Gas,PEU,Electric Power Price,N3045TX3,Texas Natural Gas Price Sold to Electric Power Consumers (Dollars per Thousand Cubic Feet),2.19,$/MCF
219,2020-09,STX,TEXAS,EPG0,Natural Gas,VFC,Percent Sold to The Residential Consumers,N3020TX4,Percent of Commercial Natural Gas Deliveries in Texas Represented by the Price (%),58.3,%
220,2020-09,STX,TEXAS,EPG0,Natural Gas,VFA,% of Industrial Consumers - Sales,N3035TX4,Percent of Industrial Natural Gas Deliveries in Texas Represented by the Price (%),32.6,%
221,2020-09,STX,TEXAS,EPG0,Natural Gas,PIN,Industrial Price,N3035TX3,Texas Natural Gas Industrial Price (Dollars per Thousand Cubic Feet),2.64,$/MCF
222,2020-09,STX,TEXAS,EPG0,Natural Gas,PG1,City Gate Price,N3050TX3,Natural Gas Citygate Price in Texas (Dollars per Thousand Cubic Feet),2.99,$/MCF
223,2020-09,STX,TEXAS,EPG0,Natural Gas,PRS,Price Delivered to Residential Consumers,N3010TX3,Texas Price of Natural Gas Delivered to Residential Consumers (Dollars per Thousand Cubic Feet),21.6,$/MCF
224,2020-08,STX,TEXAS,EPG0,Natural Gas,PIN,Industrial Price,N3035TX3,Texas Natural Gas Industrial Price (Dollars per Thousand Cubic Feet),2.18,$/MCF
225,2020-08,STX,TEXAS,EPG0,Natural Gas,VFC,Percent Sold to The Residential Consumers,N3020TX4,Percent of Commercial Natural Gas Deliveries in Texas Represented by the Price (%),59.0,%
226,2020-08,STX,TEXAS,EPG0,Natural Gas,PRS,Price Delivered to Residential Consumers,N3010TX3,Texas Price of Natural Gas Delivered to Residential Consumers (Dollars per Thousand Cubic Feet),21.43,$/MCF
227,2020-08,STX,TEXAS,EPG0,Natural Gas,VFA,% of Industrial Consumers - Sales,N3035TX4,Percent of Industrial Natural Gas Deliveries in Texas Represented by the Price (%),30.6,%
228,2020-08,STX,TEXAS,EPG0,Natural Gas,VRX,Percent Sold to The Commercial Sector,NA1504_STX_4,Texas Natural Gas % of Total Residential - Sales (%),98.4,%
229,2020-08,STX,TEXAS,EPG0,Natural Gas,PEU,Electric Power Price,N3045TX3,Texas Natural Gas Price Sold to Electric Power Consumers (Dollars per Thousand Cubic Feet),2.42,$/MCF
230,2020-08,STX,TEXAS,EPG0,Natural Gas,PG1,City Gate Price,N3050TX3,Natural Gas Citygate Price in Texas (Dollars per Thousand Cubic Feet),2.79,$/MCF
231,2020-08,STX,TEXAS,EPG0,Natural Gas,PCS,Price Delivered to Commercial Sectors,N3020TX3,Texas Price of Natural Gas Sold to Commercial Consumers (Dollars per Thousand Cubic Feet),7.94,$/MCF
232,2020-07,STX,TEXAS,EPG0,Natural Gas,PRS,Price Delivered to Residential Consumers,N3010TX3,Texas Price of Natural Gas Delivered to Residential Consumers (Dollars per Thousand Cubic Feet),19.76,$/MCF
233,2020-07,STX,TEXAS,EPG0,Natural Gas,PEU,Electric Power Price,N3045TX3,Texas Natural Gas Price Sold to Electric Power Consumers (Dollars per Thousand Cubic Feet),2.01,$/MCF
234,2020-07,STX,TEXAS,EPG0,Natural Gas,PG1,City Gate Price,N3050TX3,Natural Gas Citygate Price in Texas (Dollars per Thousand Cubic Feet),2.79,$/MCF
235,2020-07,STX,TEXAS,EPG0,Natural Gas,PIN,Industrial Price,N3035TX3,Texas Natural Gas Industrial Price (Dollars per Thousand Cubic Feet),1.74,$/MCF
236,2020-07,STX,TEXAS,EPG0,Natural Gas,VFA,% of Industrial Consumers - Sales,N3035TX4,Percent of Industrial Natural Gas Deliveries in Texas Represented by the Price (%),31.5,%
237,2020-07,STX,TEXAS,EPG0,Natural Gas,PCS,Price Delivered to Commercial Sectors,N3020TX3,Texas Price of Natural Gas Sold to Commercial Consumers (Dollars per Thousand Cubic Feet),7.24,$/MCF
238,2020-07,STX,TEXAS,EPG0,Natural Gas,VFC,Percent Sold to The Residential Consumers,N3020TX4,Percent of Commercial Natural Gas Deliveries in Texas Represented by the Price (%),63.3,%
239,2020-07,STX,TEXAS,EPG0,Natural Gas,VRX,Percent Sold to The Commercial Sector,NA1504_STX_4,Texas Natural Gas % of Total Residential - Sales (%),98.6,%
240,2020-06,STX,TEXAS,EPG0,Natural Gas,PEU,Electric Power Price,N3045TX3,Texas Natural Gas Price Sold to Electric Power Consumers (Dollars per Thousand Cubic Feet),1.83,$/MCF
241,2020-06,STX,TEXAS,EPG0,Natural Gas,PIN,Industrial Price,N3035TX3,Texas Natural Gas Industrial Price (Dollars per Thousand Cubic Feet),1.89,$/MCF
242,2020-06,STX,TEXAS,EPG0,Natural Gas,VFA,% of Industrial Consumers - Sales,N3035TX4,Percent of Industrial Natural Gas Deliveries in Texas Represented by the Price (%),32.6,%
243,2020-06,STX,TEXAS,EPG0,Natural Gas,PRS,Price Delivered to Residential Consumers,N3010TX3,Texas Price of Natural Gas Delivered to Residential Consumers (Dollars per Thousand Cubic Feet),18.75,$/MCF
244,2020-06,STX,TEXAS,EPG0,Natural Gas,PG1,City Gate Price,N3050TX3,Natural Gas Citygate Price in Texas (Dollars per Thousand Cubic Feet),2.75,$/MCF
245,2020-06,STX,TEXAS,EPG0,Natural Gas,PCS,Price Delivered to Commercial Sectors,N3020TX3,Texas Price of Natural Gas Sold to Commercial Consumers (Dollars per Thousand Cubic Feet),8.61,$/MCF
246,2020-06,STX,TEXAS,EPG0,Natural Gas,VFC,Percent Sold to The Residential Consumers,N3020TX4,Percent of Commercial Natural Gas Deliveries in Texas Represented by the Price (%),54.5,%
247,2020-06,STX,TEXAS,EPG0,Natural Gas,VRX,Percent Sold to The Commercial Sector,NA1504_STX_4,Texas Natural Gas % of Total Residential - Sales (%),98.9,%
248,2020-05,STX,TEXAS,EPG0,Natural Gas,PEU,Electric Power Price,N3045TX3,Texas Natural Gas Price Sold to Electric Power Consumers (Dollars per Thousand Cubic Feet),1.98,$/MCF
249,2020-05,STX,TEXAS,EPG0,Natural Gas,VFC,Percent Sold to The Residential Consumers,N3020TX4,Percent of Commercial Natural Gas Deliveries in Texas Represented by the Price (%),60.4,%
250,2020-05,STX,TEXAS,EPG0,Natural Gas,VRX,Percent Sold to The Commercial Sector,NA1504_STX_4,Texas Natural Gas % of Total Residential - Sales (%),99.4,%
251,2020-05,STX,TEXAS,EPG0,Natural Gas,PRS,Price Delivered to Residential Consumers,N3010TX3,Texas Price of Natural Gas Delivered to Residential Consumers (Dollars per Thousand Cubic Feet),15.84,$/MCF
252,2020-05,STX,TEXAS,EPG0,Natural Gas,PIN,Industrial Price,N3035TX3,Texas Natural Gas Industrial Price (Dollars per Thousand Cubic Feet),1.99,$/MCF
253,2020-05,STX,TEXAS,EPG0,Natural Gas,VFA,% of Industrial Consumers - Sales,N3035TX4,Percent of Industrial Natural Gas Deliveries in Texas Represented by the Price (%),31.8,%
254,2020-05,STX,TEXAS,EPG0,Natural Gas,PG1,City Gate Price,N3050TX3,Natural Gas Citygate Price in Texas (Dollars per Thousand Cubic Feet),2.5,$/MCF
255,2020-05,STX,TEXAS,EPG0,Natural Gas,PCS,Price Delivered to Commercial Sectors,N3020TX3,Texas Price of Natural Gas Sold to Commercial Consumers (Dollars per Thousand Cubic Feet),7.09,$/MCF
256,2020-04,STX,TEXAS,EPG0,Natural Gas,PCS,Price Delivered to Commercial Sectors,N3020TX3,Texas Price of Natural Gas Sold to Commercial Consumers (Dollars per Thousand Cubic Feet),6.03,$/MCF
257,2020-04,STX,TEXAS,EPG0,Natural Gas,PEU,Electric Power Price,N3045TX3,Texas Natural Gas Price Sold to Electric Power Consumers (Dollars per Thousand Cubic Feet),1.83,$/MCF
258,2020-04,STX,TEXAS,EPG0,Natural Gas,VFA,% of Industrial Consumers - Sales,N3035TX4,Percent of Industrial Natural Gas Deliveries in Texas Represented by the Price (%),31.1,%
259,2020-04,STX,TEXAS,EPG0,Natural Gas,VFC,Percent Sold to The Residential Consumers,N3020TX4,Percent of Commercial Natural Gas Deliveries in Texas Represented by the Price (%),66.4,%
260,2020-04,STX,TEXAS,EPG0,Natural Gas,PIN,Industrial Price,N3035TX3,Texas Natural Gas Industrial Price (Dollars per Thousand Cubic Feet),1.86,$/MCF
261,2020-04,STX,TEXAS,EPG0,Natural Gas,PRS,Price Delivered to Residential Consumers,N3010TX3,Texas Price of Natural Gas Delivered to Residential Consumers (Dollars per Thousand Cubic Feet),13.13,$/MCF
262,2020-04,STX,TEXAS,EPG0,Natural Gas,PG1,City Gate Price,N3050TX3,Natural Gas Citygate Price in Texas (Dollars per Thousand Cubic Feet),2.69,$/MCF
263,2020-04,STX,TEXAS,EPG0,Natural Gas,VRX,Percent Sold to The Commercial Sector,NA1504_STX_4,Texas Natural Gas % of Total Residential - Sales (%),99.7,%
264,2020-03,STX,TEXAS,EPG0,Natural Gas,PEU,Electric Power Price,N3045TX3,Texas Natural Gas Price Sold to Electric Power Consumers (Dollars per Thousand Cubic Feet),1.76,$/MCF
265,2020-03,STX,TEXAS,EPG0,Natural Gas,PRS,Price Delivered to Residential Consumers,N3010TX3,Texas Price of Natural Gas Delivered to Residential Consumers (Dollars per Thousand Cubic Feet),9.27,$/MCF
266,2020-03,STX,TEXAS,EPG0,Natural Gas,PCS,Price Delivered to Commercial Sectors,N3020TX3,Texas Price of Natural Gas Sold to Commercial Consumers (Dollars per Thousand Cubic Feet),5.65,$/MCF
267,2020-03,STX,TEXAS,EPG0,Natural Gas,VFC,Percent Sold to The Residential Consumers,N3020TX4,Percent of Commercial Natural Gas Deliveries in Texas Represented by the Price (%),70.5,%
268,2020-03,STX,TEXAS,EPG0,Natural Gas,PIN,Industrial Price,N3035TX3,Texas Natural Gas Industrial Price (Dollars per Thousand Cubic Feet),2.04,$/MCF
269,2020-03,STX,TEXAS,EPG0,Natural Gas,VRX,Percent Sold to The Commercial Sector,NA1504_STX_4,Texas Natural Gas % of Total Residential - Sales (%),99.9,%
270,2020-03,STX,TEXAS,EPG0,Natural Gas,VFA,% of Industrial Consumers - Sales,N3035TX4,Percent of Industrial Natural Gas Deliveries in Texas Represented by the Price (%),29.2,%
271,2020-03,STX,TEXAS,EPG0,Natural Gas,PG1,City Gate Price,N3050TX3,Natural Gas Citygate Price in Texas (Dollars per Thousand Cubic Feet),2.43,$/MCF
272,2020-02,STX,TEXAS,EPG0,Natural Gas,PCS,Price Delivered to Commercial Sectors,N3020TX3,Texas Price of Natural Gas Sold to Commercial Consumers (Dollars per Thousand Cubic Feet),5.22,$/MCF
273,2020-02,STX,TEXAS,EPG0,Natural Gas,VRX,Percent Sold to The Commercial Sector,NA1504_STX_4,Texas Natural Gas % of Total Residential - Sales (%),99.9,%
274,2020-02,STX,TEXAS,EPG0,Natural Gas,PG1,City Gate Price,N3050TX3,Natural Gas Citygate Price in Texas (Dollars per Thousand Cubic Feet),2.31,$/MCF
275,2020-02,STX,TEXAS,EPG0,Natural Gas,PRS,Price Delivered to Residential Consumers,N3010TX3,Texas Price of Natural Gas Delivered to Residential Consumers (Dollars per Thousand Cubic Feet),8.07,$/MCF
276,2020-02,STX,TEXAS,EPG0,Natural Gas,VFC,Percent Sold to The Residential Consumers,N3020TX4,Percent of Commercial Natural Gas Deliveries in Texas Represented by the Price (%),76.2,%
277,2020-02,STX,TEXAS,EPG0,Natural Gas,VFA,% of Industrial Consumers - Sales,N3035TX4,Percent of Industrial Natural Gas Deliveries in Texas Represented by the Price (%),28.9,%
278,2020-02,STX,TEXAS,EPG0,Natural Gas,PEU,Electric Power Price,N3045TX3,Texas Natural Gas Price Sold to Electric Power Consumers (Dollars per Thousand Cubic Feet),1.86,$/MCF
279,2020-02,STX,TEXAS,EPG0,Natural Gas,PIN,Industrial Price,N3035TX3,Texas Natural Gas Industrial Price (Dollars per Thousand Cubic Feet),2.1,$/MCF
280,2020-01,STX,TEXAS,EPG0,Natural Gas,VRX,Percent Sold to The Commercial Sector,NA1504_STX_4,Texas Natural Gas % of Total Residential - Sales (%),100.0,%
281,2020-01,STX,TEXAS,EPG0,Natural Gas,PCS,Price Delivered to Commercial Sectors,N3020TX3,Texas Price of Natural Gas Sold to Commercial Consumers (Dollars per Thousand Cubic Feet),5.57,$/MCF
282,2020-01,STX,TEXAS,EPG0,Natural Gas,VFA,% of Industrial Consumers - Sales,N3035TX4,Percent of Industrial Natural Gas Deliveries in Texas Represented by the Price (%),29.8,%
283,2020-01,STX,TEXAS,EPG0,Natural Gas,PIN,Industrial Price,N3035TX3,Texas Natural Gas Industrial Price (Dollars per Thousand Cubic Feet),2.32,$/MCF
284,2020-01,STX,TEXAS,EPG0,Natural Gas,PRS,Price Delivered to Residential Consumers,N3010TX3,Texas Price of Natural Gas Delivered to Residential Consumers (Dollars per Thousand Cubic Feet),8.26,$/MCF
285,2020-01,STX,TEXAS,EPG0,Natural Gas,PEU,Electric Power Price,N3045TX3,Texas Natural Gas Price Sold to Electric Power Consumers (Dollars per Thousand Cubic Feet),1.93,$/MCF
286,2020-01,STX,TEXAS,EPG0,Natural Gas,PG1,City Gate Price,N3050TX3,Natural Gas Citygate Price in Texas (Dollars per Thousand Cubic Feet),2.55,$/MCF
287,2020-01,STX,TEXAS,EPG0,Natural Gas,VFC,Percent Sold to The Residential Consumers,N3020TX4,Percent of Commercial Natural Gas Deliveries in Texas Represented by the Price (%),78.7,%
